[INFO] Scanning for projects...
Downloading from central: https://repo.maven.apache.org/maven2/org/flywaydb/maven-metadata.xml
Downloading from central: https://repo.maven.apache.org/maven2/org/cyclonedx/maven-metadata.xml
Downloading from central: https://repo.maven.apache.org/maven2/io/github/git-commit-id/maven-metadata.xml
Downloading from central: https://repo.maven.apache.org/maven2/org/springframework/boot/maven-metadata.xml
Progress (1): 234 BProgress (2): 234 B | 249 BProgress (3): 234 B | 249 B | 243 BProgress (4): 234 B | 249 B | 243 B | 255 B                                           Downloaded from central: https://repo.maven.apache.org/maven2/org/flywaydb/maven-metadata.xml (234 B at 112 B/s)
Downloaded from central: https://repo.maven.apache.org/maven2/io/github/git-commit-id/maven-metadata.xml (255 B at 123 B/s)
Downloaded from central: https://repo.maven.apache.org/maven2/org/cyclonedx/maven-metadata.xml (243 B at 117 B/s)
Downloading from central: https://repo.maven.apache.org/maven2/org/liquibase/maven-metadata.xml
Downloading from central: https://repo.maven.apache.org/maven2/org/jetbrains/kotlin/maven-metadata.xml
Downloading from central: https://repo.maven.apache.org/maven2/org/jooq/maven-metadata.xml
Downloaded from central: https://repo.maven.apache.org/maven2/org/springframework/boot/maven-metadata.xml (249 B at 119 B/s)
Downloading from central: https://repo.maven.apache.org/maven2/org/graalvm/buildtools/maven-metadata.xml
Progress (1): 375 BProgress (2): 375 B | 242 BProgress (3): 375 B | 242 B | 394 BProgress (4): 375 B | 242 B | 394 B | 398 B                                           Downloaded from central: https://repo.maven.apache.org/maven2/org/liquibase/maven-metadata.xml (394 B at 1.9 kB/s)
Downloaded from central: https://repo.maven.apache.org/maven2/org/graalvm/buildtools/maven-metadata.xml (242 B at 1.2 kB/s)
Downloaded from central: https://repo.maven.apache.org/maven2/org/jooq/maven-metadata.xml (398 B at 1.9 kB/s)
Downloading from central: https://repo.maven.apache.org/maven2/org/apache/maven/plugins/maven-metadata.xml
Downloading from central: https://repo.maven.apache.org/maven2/org/codehaus/mojo/maven-metadata.xml
Downloaded from central: https://repo.maven.apache.org/maven2/org/jetbrains/kotlin/maven-metadata.xml (375 B at 1.7 kB/s)
Progress (1): 3.7 kBProgress (2): 3.7 kB | 3.9 kBProgress (2): 7.4 kB | 3.9 kBProgress (2): 7.4 kB | 7.7 kBProgress (2): 7.4 kB | 10 kB Progress (2): 13 kB | 10 kB Progress (2): 19 kB | 10 kBProgress (2): 20 kB | 10 kB                           Downloaded from central: https://repo.maven.apache.org/maven2/org/codehaus/mojo/maven-metadata.xml (20 kB at 82 kB/s)
Downloaded from central: https://repo.maven.apache.org/maven2/org/apache/maven/plugins/maven-metadata.xml (10 kB at 24 kB/s)
[INFO] 
[INFO] --------------< com.urbandrainage:urban-drainage-portal >---------------
[INFO] Building urban-drainage-portal 0.0.1-SNAPSHOT
[INFO]   from pom.xml
[INFO] --------------------------------[ jar ]---------------------------------
[INFO] 
[INFO] >>> spring-boot:3.3.2:run (default-cli) > test-compile @ urban-drainage-portal >>>
[INFO] 
[INFO] --- resources:3.3.1:resources (default-resources) @ urban-drainage-portal ---
[INFO] Copying 1 resource from src\main\resources to target\classes
[INFO] Copying 0 resource from src\main\resources to target\classes
[INFO] 
[INFO] --- compiler:3.13.0:compile (default-compile) @ urban-drainage-portal ---
[INFO] Nothing to compile - all classes are up to date.
[INFO] 
[INFO] --- resources:3.3.1:testResources (default-testResources) @ urban-drainage-portal ---
[INFO] skip non existing resourceDirectory C:\Users\sdhar\Desktop\Urban-Drainage-Portal\backend\src\test\resources
[INFO] 
[INFO] --- compiler:3.13.0:testCompile (default-testCompile) @ urban-drainage-portal ---
[INFO] Nothing to compile - all classes are up to date.
[INFO] 
[INFO] <<< spring-boot:3.3.2:run (default-cli) < test-compile @ urban-drainage-portal <<<
[INFO] 
[INFO] 
[INFO] --- spring-boot:3.3.2:run (default-cli) @ urban-drainage-portal ---
[INFO] Attaching agents: []

  .   ____          _            __ _ _
 /\\ / ___'_ __ _ _(_)_ __  __ _ \ \ \ \
( ( )\___ | '_ | '_| | '_ \/ _` | \ \ \ \
 \\/  ___)| |_)| | | | | || (_| |  ) ) ) )
  '  |____| .__|_| |_|_| |_\__, | / / / /
 =========|_|==============|___/=/_/_/_/

 :: Spring Boot ::                (v3.3.2)

2026-09-18T09:01:25.999+05:30  INFO 2780 --- [urban-drainage-portal] [           main] c.u.p.UrbanDrainagePortalApplication     : Starting UrbanDrainagePortalApplication using Java 17.0.12 with PID 2780 (C:\Users\sdhar\Desktop\Urban-Drainage-Portal\backend\target\classes started by sdhar in C:\Users\sdhar\Desktop\Urban-Drainage-Portal\backend)
2026-09-18T09:01:26.011+05:30  INFO 2780 --- [urban-drainage-portal] [           main] c.u.p.UrbanDrainagePortalApplication     : No active profile set, falling back to 1 default profile: "default"
2026-09-18T09:01:26.013+05:30 DEBUG 2780 --- [urban-drainage-portal] [           main] o.s.boot.SpringApplication               : Loading source class com.urbandrainage.portal.UrbanDrainagePortalApplication
2026-09-18T09:01:26.225+05:30 DEBUG 2780 --- [urban-drainage-portal] [           main] ConfigServletWebServerApplicationContext : Refreshing org.springframework.boot.web.servlet.context.AnnotationConfigServletWebServerApplicationContext@210ab13f
2026-09-18T09:01:29.019+05:30  INFO 2780 --- [urban-drainage-portal] [           main] .s.d.r.c.RepositoryConfigurationDelegate : Bootstrapping Spring Data JPA repositories in DEFAULT mode.
2026-09-18T09:01:29.101+05:30 DEBUG 2780 --- [urban-drainage-portal] [           main] o.s.b.a.AutoConfigurationPackages        : @EnableAutoConfiguration was declared on a class in the package 'com.urbandrainage.portal'. Automatic @Repository and @Entity scanning is enabled.
2026-09-18T09:01:29.352+05:30  INFO 2780 --- [urban-drainage-portal] [           main] .s.d.r.c.RepositoryConfigurationDelegate : Finished Spring Data repository scanning in 295 ms. Found 4 JPA repository interfaces.
2026-09-18T09:01:32.055+05:30 DEBUG 2780 --- [urban-drainage-portal] [           main] .s.b.w.e.t.TomcatServletWebServerFactory : Code archive: C:\Users\sdhar\.m2\repository\org\springframework\boot\spring-boot\3.3.2\spring-boot-3.3.2.jar
2026-09-18T09:01:32.057+05:30 DEBUG 2780 --- [urban-drainage-portal] [           main] .s.b.w.e.t.TomcatServletWebServerFactory : Code archive: C:\Users\sdhar\.m2\repository\org\springframework\boot\spring-boot\3.3.2\spring-boot-3.3.2.jar
2026-09-18T09:01:32.061+05:30 DEBUG 2780 --- [urban-drainage-portal] [           main] .s.b.w.e.t.TomcatServletWebServerFactory : None of the document roots [src/main/webapp, public, static] point to a directory and will be ignored.
2026-09-18T09:01:32.209+05:30  INFO 2780 --- [urban-drainage-portal] [           main] o.s.b.w.embedded.tomcat.TomcatWebServer  : Tomcat initialized with port 8081 (http)
2026-09-18T09:01:32.271+05:30  INFO 2780 --- [urban-drainage-portal] [           main] o.apache.catalina.core.StandardService   : Starting service [Tomcat]
2026-09-18T09:01:32.272+05:30  INFO 2780 --- [urban-drainage-portal] [           main] o.apache.catalina.core.StandardEngine    : Starting Servlet engine: [Apache Tomcat/10.1.26]
2026-09-18T09:01:32.582+05:30  INFO 2780 --- [urban-drainage-portal] [           main] o.a.c.c.C.[Tomcat].[localhost].[/]       : Initializing Spring embedded WebApplicationContext
2026-09-18T09:01:32.583+05:30 DEBUG 2780 --- [urban-drainage-portal] [           main] w.s.c.ServletWebServerApplicationContext : Published root WebApplicationContext as ServletContext attribute with name [org.springframework.web.context.WebApplicationContext.ROOT]
2026-09-18T09:01:32.588+05:30  INFO 2780 --- [urban-drainage-portal] [           main] w.s.c.ServletWebServerApplicationContext : Root WebApplicationContext: initialization completed in 6359 ms
2026-09-18T09:01:32.671+05:30 DEBUG 2780 --- [urban-drainage-portal] [           main] o.s.b.w.s.ServletContextInitializerBeans : Mapping filters: characterEncodingFilter urls=[/*] order=-2147483648, formContentFilter urls=[/*] order=-9900, requestContextFilter urls=[/*] order=-105
2026-09-18T09:01:32.674+05:30 DEBUG 2780 --- [urban-drainage-portal] [           main] o.s.b.w.s.ServletContextInitializerBeans : Mapping servlets: dispatcherServlet urls=[/]
2026-09-18T09:01:32.798+05:30 DEBUG 2780 --- [urban-drainage-portal] [           main] o.s.b.w.s.f.OrderedRequestContextFilter  : Filter 'requestContextFilter' configured for use
2026-09-18T09:01:32.812+05:30 DEBUG 2780 --- [urban-drainage-portal] [           main] s.b.w.s.f.OrderedCharacterEncodingFilter : Filter 'characterEncodingFilter' configured for use
2026-09-18T09:01:32.813+05:30 DEBUG 2780 --- [urban-drainage-portal] [           main] o.s.b.w.s.f.OrderedFormContentFilter     : Filter 'formContentFilter' configured for use
2026-09-18T09:01:33.364+05:30  INFO 2780 --- [urban-drainage-portal] [           main] o.hibernate.jpa.internal.util.LogHelper  : HHH000204: Processing PersistenceUnitInfo [name: default]
2026-09-18T09:01:33.687+05:30  INFO 2780 --- [urban-drainage-portal] [           main] org.hibernate.Version                    : HHH000412: Hibernate ORM core version 6.5.2.Final
2026-09-18T09:01:33.876+05:30  INFO 2780 --- [urban-drainage-portal] [           main] o.h.c.internal.RegionFactoryInitiator    : HHH000026: Second-level cache disabled
2026-09-18T09:01:35.476+05:30  INFO 2780 --- [urban-drainage-portal] [           main] o.s.o.j.p.SpringPersistenceUnitInfo      : No LoadTimeWeaver setup: ignoring JPA class transformer
2026-09-18T09:01:35.652+05:30  INFO 2780 --- [urban-drainage-portal] [           main] com.zaxxer.hikari.HikariDataSource       : HikariPool-1 - Starting...
2026-09-18T09:01:41.305+05:30  INFO 2780 --- [urban-drainage-portal] [           main] com.zaxxer.hikari.pool.HikariPool        : HikariPool-1 - Added connection org.postgresql.jdbc.PgConnection@33a47707
2026-09-18T09:01:41.313+05:30  INFO 2780 --- [urban-drainage-portal] [           main] com.zaxxer.hikari.HikariDataSource       : HikariPool-1 - Start completed.
2026-09-18T09:01:47.602+05:30  INFO 2780 --- [urban-drainage-portal] [           main] o.h.e.t.j.p.i.JtaPlatformInitiator       : HHH000489: No JTA platform available (set 'hibernate.transaction.jta.platform' to enable JTA platform integration)
2026-09-18T09:01:49.090+05:30  INFO 2780 --- [urban-drainage-portal] [           main] j.LocalContainerEntityManagerFactoryBean : Initialized JPA EntityManagerFactory for persistence unit 'default'
2026-09-18T09:01:50.782+05:30  WARN 2780 --- [urban-drainage-portal] [           main] JpaBaseConfiguration$JpaWebConfiguration : spring.jpa.open-in-view is enabled by default. Therefore, database queries may be performed during view rendering. Explicitly configure spring.jpa.open-in-view to disable this warning
2026-09-18T09:01:51.248+05:30 DEBUG 2780 --- [urban-drainage-portal] [           main] s.w.s.m.m.a.RequestMappingHandlerMapping : 24 mappings in 'requestMappingHandlerMapping'
2026-09-18T09:01:51.610+05:30 DEBUG 2780 --- [urban-drainage-portal] [           main] o.s.w.s.handler.SimpleUrlHandlerMapping  : Patterns [/webjars/**, /**] in 'resourceHandlerMapping'
2026-09-18T09:01:51.792+05:30 DEBUG 2780 --- [urban-drainage-portal] [           main] s.w.s.m.m.a.RequestMappingHandlerAdapter : ControllerAdvice beans: 0 @ModelAttribute, 0 @InitBinder, 1 RequestBodyAdvice, 1 ResponseBodyAdvice
2026-09-18T09:01:52.185+05:30 DEBUG 2780 --- [urban-drainage-portal] [           main] .m.m.a.ExceptionHandlerExceptionResolver : ControllerAdvice beans: 0 @ExceptionHandler, 1 ResponseBodyAdvice
2026-09-18T09:01:52.806+05:30  INFO 2780 --- [urban-drainage-portal] [           main] o.s.b.w.embedded.tomcat.TomcatWebServer  : Tomcat started on port 8081 (http) with context path '/'
2026-09-18T09:01:52.864+05:30 DEBUG 2780 --- [urban-drainage-portal] [           main] .s.b.a.l.ConditionEvaluationReportLogger : 


============================
CONDITIONS EVALUATION REPORT
============================


Positive matches:
-----------------

   AopAutoConfiguration matched:
      - @ConditionalOnProperty (spring.aop.auto=true) matched (OnPropertyCondition)

   AopAutoConfiguration.AspectJAutoProxyingConfiguration matched:
      - @ConditionalOnClass found required class 'org.aspectj.weaver.Advice' (OnClassCondition)

   AopAutoConfiguration.AspectJAutoProxyingConfiguration.CglibAutoProxyConfiguration matched:
      - @ConditionalOnProperty (spring.aop.proxy-target-class=true) matched (OnPropertyCondition)

   ApplicationAvailabilityAutoConfiguration#applicationAvailability matched:
      - @ConditionalOnMissingBean (types: org.springframework.boot.availability.ApplicationAvailability; SearchStrategy: all) did not find any beans (OnBeanCondition)

   DataSourceAutoConfiguration matched:
      - @ConditionalOnClass found required classes 'javax.sql.DataSource', 'org.springframework.jdbc.datasource.embedded.EmbeddedDatabaseType' (OnClassCondition)
      - @ConditionalOnMissingBean (types: io.r2dbc.spi.ConnectionFactory; SearchStrategy: all) did not find any beans (OnBeanCondition)

   DataSourceAutoConfiguration.PooledDataSourceConfiguration matched:
      - AnyNestedCondition 1 matched 1 did not; NestedCondition on DataSourceAutoConfiguration.PooledDataSourceCondition.PooledDataSourceAvailable PooledDataSource found supported DataSource; NestedCondition on DataSourceAutoConfiguration.PooledDataSourceCondition.ExplicitType @ConditionalOnProperty (spring.datasource.type) did not find property 'type' (DataSourceAutoConfiguration.PooledDataSourceCondition)
      - @ConditionalOnMissingBean (types: javax.sql.DataSource,javax.sql.XADataSource; SearchStrategy: all) did not find any beans (OnBeanCondition)

   DataSourceAutoConfiguration.PooledDataSourceConfiguration#jdbcConnectionDetails matched:
      - @ConditionalOnMissingBean (types: org.springframework.boot.autoconfigure.jdbc.JdbcConnectionDetails; SearchStrategy: all) did not find any beans (OnBeanCondition)

   DataSourceConfiguration.Hikari matched:
      - @ConditionalOnClass found required class 'com.zaxxer.hikari.HikariDataSource' (OnClassCondition)
      - @ConditionalOnProperty (spring.datasource.type=com.zaxxer.hikari.HikariDataSource) matched (OnPropertyCondition)
      - @ConditionalOnMissingBean (types: javax.sql.DataSource; SearchStrategy: all) did not find any beans (OnBeanCondition)

   DataSourceInitializationConfiguration matched:
      - @ConditionalOnClass found required class 'org.springframework.jdbc.datasource.init.DatabasePopulator' (OnClassCondition)
      - @ConditionalOnSingleCandidate (types: javax.sql.DataSource; SearchStrategy: all) found a single bean 'dataSource'; @ConditionalOnMissingBean (types: org.springframework.boot.autoconfigure.sql.init.SqlDataSourceScriptDatabaseInitializer,org.springframework.boot.autoconfigure.sql.init.SqlR2dbcScriptDatabaseInitializer; SearchStrategy: all) did not find any beans (OnBeanCondition)

   DataSourceJmxConfiguration matched:
      - @ConditionalOnProperty (spring.jmx.enabled=true) matched (OnPropertyCondition)

   DataSourceJmxConfiguration.Hikari matched:
      - @ConditionalOnClass found required class 'com.zaxxer.hikari.HikariDataSource' (OnClassCondition)
      - @ConditionalOnSingleCandidate (types: javax.sql.DataSource; SearchStrategy: all) found a single bean 'dataSource' (OnBeanCondition)

   DataSourcePoolMetadataProvidersConfiguration.HikariPoolDataSourceMetadataProviderConfiguration matched:
      - @ConditionalOnClass found required class 'com.zaxxer.hikari.HikariDataSource' (OnClassCondition)

   DataSourceTransactionManagerAutoConfiguration matched:
      - @ConditionalOnClass found required classes 'javax.sql.DataSource', 'org.springframework.jdbc.core.JdbcTemplate', 'org.springframework.transaction.TransactionManager' (OnClassCondition)

   DataSourceTransactionManagerAutoConfiguration.JdbcTransactionManagerConfiguration matched:
      - @ConditionalOnSingleCandidate (types: javax.sql.DataSource; SearchStrategy: all) found a single bean 'dataSource' (OnBeanCondition)

   DispatcherServletAutoConfiguration matched:
      - @ConditionalOnClass found required class 'org.springframework.web.servlet.DispatcherServlet' (OnClassCondition)
      - found 'session' scope (OnWebApplicationCondition)

   DispatcherServletAutoConfiguration.DispatcherServletConfiguration matched:
      - @ConditionalOnClass found required class 'jakarta.servlet.ServletRegistration' (OnClassCondition)
      - Default DispatcherServlet did not find dispatcher servlet beans (DispatcherServletAutoConfiguration.DefaultDispatcherServletCondition)

   DispatcherServletAutoConfiguration.DispatcherServletRegistrationConfiguration matched:
      - @ConditionalOnClass found required class 'jakarta.servlet.ServletRegistration' (OnClassCondition)
      - DispatcherServlet Registration did not find servlet registration bean (DispatcherServletAutoConfiguration.DispatcherServletRegistrationCondition)

   DispatcherServletAutoConfiguration.DispatcherServletRegistrationConfiguration#dispatcherServletRegistration matched:
      - @ConditionalOnBean (names: dispatcherServlet types: org.springframework.web.servlet.DispatcherServlet; SearchStrategy: all) found bean 'dispatcherServlet' (OnBeanCondition)

   EmbeddedWebServerFactoryCustomizerAutoConfiguration matched:
      - @ConditionalOnWebApplication (required) found 'session' scope (OnWebApplicationCondition)
      - @ConditionalOnWarDeployment the application is not deployed as a WAR file. (OnWarDeploymentCondition)

   EmbeddedWebServerFactoryCustomizerAutoConfiguration.TomcatWebServerFactoryCustomizerConfiguration matched:
      - @ConditionalOnClass found required classes 'org.apache.catalina.startup.Tomcat', 'org.apache.coyote.UpgradeProtocol' (OnClassCondition)

   ErrorMvcAutoConfiguration matched:
      - @ConditionalOnClass found required classes 'jakarta.servlet.Servlet', 'org.springframework.web.servlet.DispatcherServlet' (OnClassCondition)
      - found 'session' scope (OnWebApplicationCondition)

   ErrorMvcAutoConfiguration#basicErrorController matched:
      - @ConditionalOnMissingBean (types: org.springframework.boot.web.servlet.error.ErrorController; SearchStrategy: current) did not find any beans (OnBeanCondition)

   ErrorMvcAutoConfiguration#errorAttributes matched:
      - @ConditionalOnMissingBean (types: org.springframework.boot.web.servlet.error.ErrorAttributes; SearchStrategy: current) did not find any beans (OnBeanCondition)

   ErrorMvcAutoConfiguration.DefaultErrorViewResolverConfiguration#conventionErrorViewResolver matched:
      - @ConditionalOnBean (types: org.springframework.web.servlet.DispatcherServlet; SearchStrategy: all) found bean 'dispatcherServlet'; @ConditionalOnMissingBean (types: org.springframework.boot.autoconfigure.web.servlet.error.ErrorViewResolver; SearchStrategy: all) did not find any beans (OnBeanCondition)

   ErrorMvcAutoConfiguration.WhitelabelErrorViewConfiguration matched:
      - @ConditionalOnProperty (server.error.whitelabel.enabled) matched (OnPropertyCondition)
      - ErrorTemplate Missing did not find error template view (ErrorMvcAutoConfiguration.ErrorTemplateMissingCondition)

   ErrorMvcAutoConfiguration.WhitelabelErrorViewConfiguration#beanNameViewResolver matched:
      - @ConditionalOnMissingBean (types: org.springframework.web.servlet.view.BeanNameViewResolver; SearchStrategy: all) did not find any beans (OnBeanCondition)

   ErrorMvcAutoConfiguration.WhitelabelErrorViewConfiguration#defaultErrorView matched:
      - @ConditionalOnMissingBean (names: error; SearchStrategy: all) did not find any beans (OnBeanCondition)

   GenericCacheConfiguration matched:
      - Cache org.springframework.boot.autoconfigure.cache.GenericCacheConfiguration automatic cache type (CacheCondition)

   HibernateJpaAutoConfiguration matched:
      - @ConditionalOnClass found required classes 'org.springframework.orm.jpa.LocalContainerEntityManagerFactoryBean', 'jakarta.persistence.EntityManager', 'org.hibernate.engine.spi.SessionImplementor' (OnClassCondition)

   HibernateJpaConfiguration matched:
      - @ConditionalOnSingleCandidate (types: javax.sql.DataSource; SearchStrategy: all) found a single bean 'dataSource' (OnBeanCondition)

   HttpEncodingAutoConfiguration matched:
      - @ConditionalOnClass found required class 'org.springframework.web.filter.CharacterEncodingFilter' (OnClassCondition)
      - found 'session' scope (OnWebApplicationCondition)
      - @ConditionalOnProperty (server.servlet.encoding.enabled) matched (OnPropertyCondition)

   HttpEncodingAutoConfiguration#characterEncodingFilter matched:
      - @ConditionalOnMissingBean (types: org.springframework.web.filter.CharacterEncodingFilter; SearchStrategy: all) did not find any beans (OnBeanCondition)

   HttpMessageConvertersAutoConfiguration matched:
      - @ConditionalOnClass found required class 'org.springframework.http.converter.HttpMessageConverter' (OnClassCondition)
      - NoneNestedConditions 0 matched 1 did not; NestedCondition on HttpMessageConvertersAutoConfiguration.NotReactiveWebApplicationCondition.ReactiveWebApplication did not find reactive web application classes (HttpMessageConvertersAutoConfiguration.NotReactiveWebApplicationCondition)

   HttpMessageConvertersAutoConfiguration#messageConverters matched:
      - @ConditionalOnMissingBean (types: org.springframework.boot.autoconfigure.http.HttpMessageConverters; SearchStrategy: all) did not find any beans (OnBeanCondition)

   HttpMessageConvertersAutoConfiguration.StringHttpMessageConverterConfiguration matched:
      - @ConditionalOnClass found required class 'org.springframework.http.converter.StringHttpMessageConverter' (OnClassCondition)

   HttpMessageConvertersAutoConfiguration.StringHttpMessageConverterConfiguration#stringHttpMessageConverter matched:
      - @ConditionalOnMissingBean (types: org.springframework.http.converter.StringHttpMessageConverter; SearchStrategy: all) did not find any beans (OnBeanCondition)

   JacksonAutoConfiguration matched:
      - @ConditionalOnClass found required class 'com.fasterxml.jackson.databind.ObjectMapper' (OnClassCondition)

   JacksonAutoConfiguration.Jackson2ObjectMapperBuilderCustomizerConfiguration matched:
      - @ConditionalOnClass found required class 'org.springframework.http.converter.json.Jackson2ObjectMapperBuilder' (OnClassCondition)

   JacksonAutoConfiguration.JacksonObjectMapperBuilderConfiguration matched:
      - @ConditionalOnClass found required class 'org.springframework.http.converter.json.Jackson2ObjectMapperBuilder' (OnClassCondition)

   JacksonAutoConfiguration.JacksonObjectMapperBuilderConfiguration#jacksonObjectMapperBuilder matched:
      - @ConditionalOnMissingBean (types: org.springframework.http.converter.json.Jackson2ObjectMapperBuilder; SearchStrategy: all) did not find any beans (OnBeanCondition)

   JacksonAutoConfiguration.JacksonObjectMapperConfiguration matched:
      - @ConditionalOnClass found required class 'org.springframework.http.converter.json.Jackson2ObjectMapperBuilder' (OnClassCondition)

   JacksonAutoConfiguration.JacksonObjectMapperConfiguration#jacksonObjectMapper matched:
      - @ConditionalOnMissingBean (types: com.fasterxml.jackson.databind.ObjectMapper; SearchStrategy: all) did not find any beans (OnBeanCondition)

   JacksonAutoConfiguration.ParameterNamesModuleConfiguration matched:
      - @ConditionalOnClass found required class 'com.fasterxml.jackson.module.paramnames.ParameterNamesModule' (OnClassCondition)

   JacksonAutoConfiguration.ParameterNamesModuleConfiguration#parameterNamesModule matched:
      - @ConditionalOnMissingBean (types: com.fasterxml.jackson.module.paramnames.ParameterNamesModule; SearchStrategy: all) did not find any beans (OnBeanCondition)

   JacksonHttpMessageConvertersConfiguration.MappingJackson2HttpMessageConverterConfiguration matched:
      - @ConditionalOnClass found required class 'com.fasterxml.jackson.databind.ObjectMapper' (OnClassCondition)
      - @ConditionalOnProperty (spring.mvc.converters.preferred-json-mapper=jackson) matched (OnPropertyCondition)
      - @ConditionalOnBean (types: com.fasterxml.jackson.databind.ObjectMapper; SearchStrategy: all) found bean 'jacksonObjectMapper' (OnBeanCondition)

   JacksonHttpMessageConvertersConfiguration.MappingJackson2HttpMessageConverterConfiguration#mappingJackson2HttpMessageConverter matched:
      - @ConditionalOnMissingBean (types: org.springframework.http.converter.json.MappingJackson2HttpMessageConverter ignored: org.springframework.hateoas.server.mvc.TypeConstrainedMappingJackson2HttpMessageConverter,org.springframework.data.rest.webmvc.alps.AlpsJsonHttpMessageConverter; SearchStrategy: all) did not find any beans (OnBeanCondition)

   JdbcClientAutoConfiguration matched:
      - @ConditionalOnSingleCandidate (types: org.springframework.jdbc.core.namedparam.NamedParameterJdbcTemplate; SearchStrategy: all) found a single bean 'namedParameterJdbcTemplate'; @ConditionalOnMissingBean (types: org.springframework.jdbc.core.simple.JdbcClient; SearchStrategy: all) did not find any beans (OnBeanCondition)

   JdbcTemplateAutoConfiguration matched:
      - @ConditionalOnClass found required classes 'javax.sql.DataSource', 'org.springframework.jdbc.core.JdbcTemplate' (OnClassCondition)
      - @ConditionalOnSingleCandidate (types: javax.sql.DataSource; SearchStrategy: all) found a single bean 'dataSource' (OnBeanCondition)

   JdbcTemplateConfiguration matched:
      - @ConditionalOnMissingBean (types: org.springframework.jdbc.core.JdbcOperations; SearchStrategy: all) did not find any beans (OnBeanCondition)

   JpaBaseConfiguration#entityManagerFactory matched:
      - @ConditionalOnMissingBean (types: org.springframework.orm.jpa.LocalContainerEntityManagerFactoryBean,jakarta.persistence.EntityManagerFactory; SearchStrategy: all) did not find any beans (OnBeanCondition)

   JpaBaseConfiguration#entityManagerFactoryBuilder matched:
      - @ConditionalOnMissingBean (types: org.springframework.boot.orm.jpa.EntityManagerFactoryBuilder; SearchStrategy: all) did not find any beans (OnBeanCondition)

   JpaBaseConfiguration#jpaVendorAdapter matched:
      - @ConditionalOnMissingBean (types: org.springframework.orm.jpa.JpaVendorAdapter; SearchStrategy: all) did not find any beans (OnBeanCondition)

   JpaBaseConfiguration#transactionManager matched:
      - @ConditionalOnMissingBean (types: org.springframework.transaction.TransactionManager; SearchStrategy: all) did not find any beans (OnBeanCondition)

   JpaBaseConfiguration.JpaWebConfiguration matched:
      - @ConditionalOnClass found required class 'org.springframework.web.servlet.config.annotation.WebMvcConfigurer' (OnClassCondition)
      - found 'session' scope (OnWebApplicationCondition)
      - @ConditionalOnProperty (spring.jpa.open-in-view=true) matched (OnPropertyCondition)
      - @ConditionalOnMissingBean (types: org.springframework.orm.jpa.support.OpenEntityManagerInViewInterceptor,org.springframework.orm.jpa.support.OpenEntityManagerInViewFilter; SearchStrategy: all) did not find any beans (OnBeanCondition)

   JpaBaseConfiguration.PersistenceManagedTypesConfiguration matched:
      - @ConditionalOnMissingBean (types: org.springframework.orm.jpa.LocalContainerEntityManagerFactoryBean,jakarta.persistence.EntityManagerFactory; SearchStrategy: all) did not find any beans (OnBeanCondition)

   JpaBaseConfiguration.PersistenceManagedTypesConfiguration#persistenceManagedTypes matched:
      - @ConditionalOnMissingBean (types: org.springframework.orm.jpa.persistenceunit.PersistenceManagedTypes; SearchStrategy: all) did not find any beans (OnBeanCondition)

   JpaRepositoriesAutoConfiguration matched:
      - @ConditionalOnClass found required class 'org.springframework.data.jpa.repository.JpaRepository' (OnClassCondition)
      - @ConditionalOnProperty (spring.data.jpa.repositories.enabled=true) matched (OnPropertyCondition)
      - @ConditionalOnBean (types: javax.sql.DataSource; SearchStrategy: all) found bean 'dataSource'; @ConditionalOnMissingBean (types: org.springframework.data.jpa.repository.support.JpaRepositoryFactoryBean,org.springframework.data.jpa.repository.config.JpaRepositoryConfigExtension; SearchStrategy: all) did not find any beans (OnBeanCondition)

   JtaAutoConfiguration matched:
      - @ConditionalOnClass found required class 'jakarta.transaction.Transaction' (OnClassCondition)
      - @ConditionalOnProperty (spring.jta.enabled) matched (OnPropertyCondition)

   LifecycleAutoConfiguration#defaultLifecycleProcessor matched:
      - @ConditionalOnMissingBean (names: lifecycleProcessor; SearchStrategy: current) did not find any beans (OnBeanCondition)

   MultipartAutoConfiguration matched:
      - @ConditionalOnClass found required classes 'jakarta.servlet.Servlet', 'org.springframework.web.multipart.support.StandardServletMultipartResolver', 'jakarta.servlet.MultipartConfigElement' (OnClassCondition)
      - found 'session' scope (OnWebApplicationCondition)
      - @ConditionalOnProperty (spring.servlet.multipart.enabled) matched (OnPropertyCondition)

   MultipartAutoConfiguration#multipartConfigElement matched:
      - @ConditionalOnMissingBean (types: jakarta.servlet.MultipartConfigElement; SearchStrategy: all) did not find any beans (OnBeanCondition)

   MultipartAutoConfiguration#multipartResolver matched:
      - @ConditionalOnMissingBean (types: org.springframework.web.multipart.MultipartResolver; SearchStrategy: all) did not find any beans (OnBeanCondition)

   NamedParameterJdbcTemplateConfiguration matched:
      - @ConditionalOnSingleCandidate (types: org.springframework.jdbc.core.JdbcTemplate; SearchStrategy: all) found a single bean 'jdbcTemplate'; @ConditionalOnMissingBean (types: org.springframework.jdbc.core.namedparam.NamedParameterJdbcOperations; SearchStrategy: all) did not find any beans (OnBeanCondition)

   NoOpCacheConfiguration matched:
      - Cache org.springframework.boot.autoconfigure.cache.NoOpCacheConfiguration automatic cache type (CacheCondition)

   PersistenceExceptionTranslationAutoConfiguration matched:
      - @ConditionalOnClass found required class 'org.springframework.dao.annotation.PersistenceExceptionTranslationPostProcessor' (OnClassCondition)

   PersistenceExceptionTranslationAutoConfiguration#persistenceExceptionTranslationPostProcessor matched:
      - @ConditionalOnProperty (spring.dao.exceptiontranslation.enabled) matched (OnPropertyCondition)
      - @ConditionalOnMissingBean (types: org.springframework.dao.annotation.PersistenceExceptionTranslationPostProcessor; SearchStrategy: all) did not find any beans (OnBeanCondition)

   PropertyPlaceholderAutoConfiguration#propertySourcesPlaceholderConfigurer matched:
      - @ConditionalOnMissingBean (types: org.springframework.context.support.PropertySourcesPlaceholderConfigurer; SearchStrategy: current) did not find any beans (OnBeanCondition)

   RestClientAutoConfiguration matched:
      - @ConditionalOnClass found required class 'org.springframework.web.client.RestClient' (OnClassCondition)
      - NoneNestedConditions 0 matched 1 did not; NestedCondition on NotReactiveWebApplicationCondition.ReactiveWebApplication did not find reactive web application classes (NotReactiveWebApplicationCondition)

   RestClientAutoConfiguration#httpMessageConvertersRestClientCustomizer matched:
      - @ConditionalOnMissingBean (types: org.springframework.boot.autoconfigure.web.client.HttpMessageConvertersRestClientCustomizer; SearchStrategy: all) did not find any beans (OnBeanCondition)

   RestClientAutoConfiguration#restClientBuilder matched:
      - @ConditionalOnMissingBean (types: org.springframework.web.client.RestClient$Builder; SearchStrategy: all) did not find any beans (OnBeanCondition)

   RestClientAutoConfiguration#restClientBuilderConfigurer matched:
      - @ConditionalOnMissingBean (types: org.springframework.boot.autoconfigure.web.client.RestClientBuilderConfigurer; SearchStrategy: all) did not find any beans (OnBeanCondition)

   RestClientAutoConfiguration#restClientSsl matched:
      - @ConditionalOnBean (types: org.springframework.boot.ssl.SslBundles; SearchStrategy: all) found bean 'sslBundleRegistry'; @ConditionalOnMissingBean (types: org.springframework.boot.autoconfigure.web.client.RestClientSsl; SearchStrategy: all) did not find any beans (OnBeanCondition)

   RestTemplateAutoConfiguration matched:
      - @ConditionalOnClass found required class 'org.springframework.web.client.RestTemplate' (OnClassCondition)
      - NoneNestedConditions 0 matched 1 did not; NestedCondition on NotReactiveWebApplicationCondition.ReactiveWebApplication did not find reactive web application classes (NotReactiveWebApplicationCondition)

   RestTemplateAutoConfiguration#restTemplateBuilder matched:
      - @ConditionalOnMissingBean (types: org.springframework.boot.web.client.RestTemplateBuilder; SearchStrategy: all) did not find any beans (OnBeanCondition)

   ServletWebServerFactoryAutoConfiguration matched:
      - @ConditionalOnClass found required class 'jakarta.servlet.ServletRequest' (OnClassCondition)
      - found 'session' scope (OnWebApplicationCondition)

   ServletWebServerFactoryAutoConfiguration#tomcatServletWebServerFactoryCustomizer matched:
      - @ConditionalOnClass found required class 'org.apache.catalina.startup.Tomcat' (OnClassCondition)

   ServletWebServerFactoryConfiguration.EmbeddedTomcat matched:
      - @ConditionalOnClass found required classes 'jakarta.servlet.Servlet', 'org.apache.catalina.startup.Tomcat', 'org.apache.coyote.UpgradeProtocol' (OnClassCondition)
      - @ConditionalOnMissingBean (types: org.springframework.boot.web.servlet.server.ServletWebServerFactory; SearchStrategy: current) did not find any beans (OnBeanCondition)

   SimpleCacheConfiguration matched:
      - Cache org.springframework.boot.autoconfigure.cache.SimpleCacheConfiguration automatic cache type (CacheCondition)

   SpringDataWebAutoConfiguration matched:
      - @ConditionalOnClass found required classes 'org.springframework.data.web.PageableHandlerMethodArgumentResolver', 'org.springframework.web.servlet.config.annotation.WebMvcConfigurer' (OnClassCondition)
      - found 'session' scope (OnWebApplicationCondition)
      - @ConditionalOnMissingBean (types: org.springframework.data.web.PageableHandlerMethodArgumentResolver; SearchStrategy: all) did not find any beans (OnBeanCondition)

   SpringDataWebAutoConfiguration#pageableCustomizer matched:
      - @ConditionalOnMissingBean (types: org.springframework.data.web.config.PageableHandlerMethodArgumentResolverCustomizer; SearchStrategy: all) did not find any beans (OnBeanCondition)

   SpringDataWebAutoConfiguration#sortCustomizer matched:
      - @ConditionalOnMissingBean (types: org.springframework.data.web.config.SortHandlerMethodArgumentResolverCustomizer; SearchStrategy: all) did not find any beans (OnBeanCondition)

   SqlInitializationAutoConfiguration matched:
      - @ConditionalOnProperty (spring.sql.init.enabled) matched (OnPropertyCondition)
      - NoneNestedConditions 0 matched 1 did not; NestedCondition on SqlInitializationAutoConfiguration.SqlInitializationModeCondition.ModeIsNever @ConditionalOnProperty (spring.sql.init.mode=never) did not find property 'mode' (SqlInitializationAutoConfiguration.SqlInitializationModeCondition)

   SslAutoConfiguration#sslBundleRegistry matched:
      - @ConditionalOnMissingBean (types: org.springframework.boot.ssl.SslBundleRegistry,org.springframework.boot.ssl.SslBundles; SearchStrategy: all) did not find any beans (OnBeanCondition)

   TaskExecutionAutoConfiguration matched:
      - @ConditionalOnClass found required class 'org.springframework.scheduling.concurrent.ThreadPoolTaskExecutor' (OnClassCondition)

   TaskExecutorConfigurations.SimpleAsyncTaskExecutorBuilderConfiguration#simpleAsyncTaskExecutorBuilder matched:
      - @ConditionalOnMissingBean (types: org.springframework.boot.task.SimpleAsyncTaskExecutorBuilder; SearchStrategy: all) did not find any beans (OnBeanCondition)
      - @ConditionalOnThreading found PLATFORM (OnThreadingCondition)

   TaskExecutorConfigurations.TaskExecutorBuilderConfiguration#taskExecutorBuilder matched:
      - @ConditionalOnMissingBean (types: org.springframework.boot.task.TaskExecutorBuilder; SearchStrategy: all) did not find any beans (OnBeanCondition)

   TaskExecutorConfigurations.TaskExecutorConfiguration matched:
      - @ConditionalOnMissingBean (types: java.util.concurrent.Executor; SearchStrategy: all) did not find any beans (OnBeanCondition)

   TaskExecutorConfigurations.TaskExecutorConfiguration#applicationTaskExecutor matched:
      - @ConditionalOnThreading found PLATFORM (OnThreadingCondition)

   TaskExecutorConfigurations.ThreadPoolTaskExecutorBuilderConfiguration#threadPoolTaskExecutorBuilder matched:
      - @ConditionalOnMissingBean (types: org.springframework.boot.task.TaskExecutorBuilder,org.springframework.boot.task.ThreadPoolTaskExecutorBuilder; SearchStrategy: all) did not find any beans (OnBeanCondition)

   TaskSchedulingAutoConfiguration matched:
      - @ConditionalOnClass found required class 'org.springframework.scheduling.concurrent.ThreadPoolTaskScheduler' (OnClassCondition)

   TaskSchedulingConfigurations.SimpleAsyncTaskSchedulerBuilderConfiguration#simpleAsyncTaskSchedulerBuilder matched:
      - @ConditionalOnMissingBean (types: org.springframework.boot.task.SimpleAsyncTaskSchedulerBuilder; SearchStrategy: all) did not find any beans (OnBeanCondition)
      - @ConditionalOnThreading found PLATFORM (OnThreadingCondition)

   TaskSchedulingConfigurations.TaskSchedulerBuilderConfiguration#taskSchedulerBuilder matched:
      - @ConditionalOnMissingBean (types: org.springframework.boot.task.TaskSchedulerBuilder; SearchStrategy: all) did not find any beans (OnBeanCondition)

   TaskSchedulingConfigurations.ThreadPoolTaskSchedulerBuilderConfiguration#threadPoolTaskSchedulerBuilder matched:
      - @ConditionalOnMissingBean (types: org.springframework.boot.task.TaskSchedulerBuilder,org.springframework.boot.task.ThreadPoolTaskSchedulerBuilder; SearchStrategy: all) did not find any beans (OnBeanCondition)

   TransactionAutoConfiguration matched:
      - @ConditionalOnClass found required class 'org.springframework.transaction.PlatformTransactionManager' (OnClassCondition)

   TransactionAutoConfiguration.EnableTransactionManagementConfiguration matched:
      - @ConditionalOnBean (types: org.springframework.transaction.TransactionManager; SearchStrategy: all) found bean 'transactionManager'; @ConditionalOnMissingBean (types: org.springframework.transaction.annotation.AbstractTransactionManagementConfiguration; SearchStrategy: all) did not find any beans (OnBeanCondition)

   TransactionAutoConfiguration.EnableTransactionManagementConfiguration.CglibAutoProxyConfiguration matched:
      - @ConditionalOnProperty (spring.aop.proxy-target-class=true) matched (OnPropertyCondition)

   TransactionAutoConfiguration.TransactionTemplateConfiguration matched:
      - @ConditionalOnSingleCandidate (types: org.springframework.transaction.PlatformTransactionManager; SearchStrategy: all) found a single bean 'transactionManager' (OnBeanCondition)

   TransactionAutoConfiguration.TransactionTemplateConfiguration#transactionTemplate matched:
      - @ConditionalOnMissingBean (types: org.springframework.transaction.support.TransactionOperations; SearchStrategy: all) did not find any beans (OnBeanCondition)

   TransactionManagerCustomizationAutoConfiguration matched:
      - @ConditionalOnClass found required class 'org.springframework.transaction.PlatformTransactionManager' (OnClassCondition)

   TransactionManagerCustomizationAutoConfiguration#platformTransactionManagerCustomizers matched:
      - @ConditionalOnMissingBean (types: org.springframework.boot.autoconfigure.transaction.TransactionManagerCustomizers; SearchStrategy: all) did not find any beans (OnBeanCondition)

   ValidationAutoConfiguration matched:
      - @ConditionalOnClass found required class 'jakarta.validation.executable.ExecutableValidator' (OnClassCondition)
      - @ConditionalOnResource found location classpath:META-INF/services/jakarta.validation.spi.ValidationProvider (OnResourceCondition)

   ValidationAutoConfiguration#defaultValidator matched:
      - @ConditionalOnMissingBean (types: jakarta.validation.Validator; SearchStrategy: all) did not find any beans (OnBeanCondition)

   ValidationAutoConfiguration#methodValidationPostProcessor matched:
      - @ConditionalOnMissingBean (types: org.springframework.validation.beanvalidation.MethodValidationPostProcessor; SearchStrategy: current) did not find any beans (OnBeanCondition)

   WebMvcAutoConfiguration matched:
      - @ConditionalOnClass found required classes 'jakarta.servlet.Servlet', 'org.springframework.web.servlet.DispatcherServlet', 'org.springframework.web.servlet.config.annotation.WebMvcConfigurer' (OnClassCondition)
      - found 'session' scope (OnWebApplicationCondition)
      - @ConditionalOnMissingBean (types: org.springframework.web.servlet.config.annotation.WebMvcConfigurationSupport; SearchStrategy: all) did not find any beans (OnBeanCondition)

   WebMvcAutoConfiguration#formContentFilter matched:
      - @ConditionalOnProperty (spring.mvc.formcontent.filter.enabled) matched (OnPropertyCondition)
      - @ConditionalOnMissingBean (types: org.springframework.web.filter.FormContentFilter; SearchStrategy: all) did not find any beans (OnBeanCondition)

   WebMvcAutoConfiguration.EnableWebMvcConfiguration#flashMapManager matched:
      - @ConditionalOnMissingBean (names: flashMapManager; SearchStrategy: all) did not find any beans (OnBeanCondition)

   WebMvcAutoConfiguration.EnableWebMvcConfiguration#localeResolver matched:
      - @ConditionalOnMissingBean (names: localeResolver; SearchStrategy: all) did not find any beans (OnBeanCondition)

   WebMvcAutoConfiguration.EnableWebMvcConfiguration#themeResolver matched:
      - @ConditionalOnMissingBean (names: themeResolver; SearchStrategy: all) did not find any beans (OnBeanCondition)

   WebMvcAutoConfiguration.WebMvcAutoConfigurationAdapter#defaultViewResolver matched:
      - @ConditionalOnMissingBean (types: org.springframework.web.servlet.view.InternalResourceViewResolver; SearchStrategy: all) did not find any beans (OnBeanCondition)

   WebMvcAutoConfiguration.WebMvcAutoConfigurationAdapter#requestContextFilter matched:
      - @ConditionalOnMissingBean (types: org.springframework.web.context.request.RequestContextListener,org.springframework.web.filter.RequestContextFilter; SearchStrategy: all) did not find any beans (OnBeanCondition)

   WebMvcAutoConfiguration.WebMvcAutoConfigurationAdapter#viewResolver matched:
      - @ConditionalOnBean (types: org.springframework.web.servlet.ViewResolver; SearchStrategy: all) found beans 'defaultViewResolver', 'beanNameViewResolver', 'mvcViewResolver'; @ConditionalOnMissingBean (names: viewResolver types: org.springframework.web.servlet.view.ContentNegotiatingViewResolver; SearchStrategy: all) did not find any beans (OnBeanCondition)

   WebSocketServletAutoConfiguration matched:
      - @ConditionalOnClass found required classes 'jakarta.servlet.Servlet', 'jakarta.websocket.server.ServerContainer' (OnClassCondition)
      - found 'session' scope (OnWebApplicationCondition)

   WebSocketServletAutoConfiguration.TomcatWebSocketConfiguration matched:
      - @ConditionalOnClass found required classes 'org.apache.catalina.startup.Tomcat', 'org.apache.tomcat.websocket.server.WsSci' (OnClassCondition)

   WebSocketServletAutoConfiguration.TomcatWebSocketConfiguration#websocketServletWebServerCustomizer matched:
      - @ConditionalOnMissingBean (names: websocketServletWebServerCustomizer; SearchStrategy: all) did not find any beans (OnBeanCondition)


Negative matches:
-----------------

   ActiveMQAutoConfiguration:
      Did not match:
         - @ConditionalOnClass did not find required class 'jakarta.jms.ConnectionFactory' (OnClassCondition)

   AopAutoConfiguration.AspectJAutoProxyingConfiguration.JdkDynamicAutoProxyConfiguration:
      Did not match:
         - @ConditionalOnProperty (spring.aop.proxy-target-class=false) did not find property 'proxy-target-class' (OnPropertyCondition)

   AopAutoConfiguration.ClassProxyingConfiguration:
      Did not match:
         - @ConditionalOnMissingClass found unwanted class 'org.aspectj.weaver.Advice' (OnClassCondition)

   ArtemisAutoConfiguration:
      Did not match:
         - @ConditionalOnClass did not find required class 'jakarta.jms.ConnectionFactory' (OnClassCondition)

   BatchAutoConfiguration:
      Did not match:
         - @ConditionalOnClass did not find required class 'org.springframework.batch.core.launch.JobLauncher' (OnClassCondition)

   Cache2kCacheConfiguration:
      Did not match:
         - @ConditionalOnClass did not find required class 'org.cache2k.Cache2kBuilder' (OnClassCondition)

   CacheAutoConfiguration:
      Did not match:
         - @ConditionalOnBean (types: org.springframework.cache.interceptor.CacheAspectSupport; SearchStrategy: all) did not find any beans of type org.springframework.cache.interceptor.CacheAspectSupport (OnBeanCondition)
      Matched:
         - @ConditionalOnClass found required class 'org.springframework.cache.CacheManager' (OnClassCondition)

   CacheAutoConfiguration.CacheManagerEntityManagerFactoryDependsOnPostProcessor:
      Did not match:
         - Ancestor org.springframework.boot.autoconfigure.cache.CacheAutoConfiguration did not match (ConditionEvaluationReport.AncestorsMatchedCondition)
      Matched:
         - @ConditionalOnClass found required class 'org.springframework.orm.jpa.LocalContainerEntityManagerFactoryBean' (OnClassCondition)

   CaffeineCacheConfiguration:
      Did not match:
         - @ConditionalOnClass did not find required class 'com.github.benmanes.caffeine.cache.Caffeine' (OnClassCondition)

   CassandraAutoConfiguration:
      Did not match:
         - @ConditionalOnClass did not find required class 'com.datastax.oss.driver.api.core.CqlSession' (OnClassCondition)

   CassandraDataAutoConfiguration:
      Did not match:
         - @ConditionalOnClass did not find required class 'com.datastax.oss.driver.api.core.CqlSession' (OnClassCondition)

   CassandraReactiveDataAutoConfiguration:
      Did not match:
         - @ConditionalOnClass did not find required class 'com.datastax.oss.driver.api.core.CqlSession' (OnClassCondition)

   CassandraReactiveRepositoriesAutoConfiguration:
      Did not match:
         - @ConditionalOnClass did not find required class 'org.springframework.data.cassandra.ReactiveSession' (OnClassCondition)

   CassandraRepositoriesAutoConfiguration:
      Did not match:
         - @ConditionalOnClass did not find required class 'com.datastax.oss.driver.api.core.CqlSession' (OnClassCondition)

   ClientHttpConnectorAutoConfiguration:
      Did not match:
         - @ConditionalOnClass did not find required class 'org.springframework.web.reactive.function.client.WebClient' (OnClassCondition)

   CodecsAutoConfiguration:
      Did not match:
         - @ConditionalOnClass did not find required class 'org.springframework.web.reactive.function.client.WebClient' (OnClassCondition)

   CouchbaseAutoConfiguration:
      Did not match:
         - @ConditionalOnClass did not find required class 'com.couchbase.client.java.Cluster' (OnClassCondition)

   CouchbaseCacheConfiguration:
      Did not match:
         - @ConditionalOnClass did not find required class 'com.couchbase.client.java.Cluster' (OnClassCondition)

   CouchbaseDataAutoConfiguration:
      Did not match:
         - @ConditionalOnClass did not find required class 'com.couchbase.client.java.Bucket' (OnClassCondition)

   CouchbaseReactiveDataAutoConfiguration:
      Did not match:
         - @ConditionalOnClass did not find required class 'com.couchbase.client.java.Cluster' (OnClassCondition)

   CouchbaseReactiveRepositoriesAutoConfiguration:
      Did not match:
         - @ConditionalOnClass did not find required class 'com.couchbase.client.java.Cluster' (OnClassCondition)

   CouchbaseRepositoriesAutoConfiguration:
      Did not match:
         - @ConditionalOnClass did not find required class 'com.couchbase.client.java.Bucket' (OnClassCondition)

   DataSourceAutoConfiguration.EmbeddedDatabaseConfiguration:
      Did not match:
         - EmbeddedDataSource spring.datasource.url is set (DataSourceAutoConfiguration.EmbeddedDatabaseCondition)

   DataSourceCheckpointRestoreConfiguration:
      Did not match:
         - @ConditionalOnClass did not find required class 'org.crac.Resource' (OnClassCondition)

   DataSourceConfiguration.Dbcp2:
      Did not match:
         - @ConditionalOnClass did not find required class 'org.apache.commons.dbcp2.BasicDataSource' (OnClassCondition)

   DataSourceConfiguration.Generic:
      Did not match:
         - @ConditionalOnProperty (spring.datasource.type) did not find property 'spring.datasource.type' (OnPropertyCondition)

   DataSourceConfiguration.OracleUcp:
      Did not match:
         - @ConditionalOnClass did not find required classes 'oracle.ucp.jdbc.PoolDataSourceImpl', 'oracle.jdbc.OracleConnection' (OnClassCondition)

   DataSourceConfiguration.Tomcat:
      Did not match:
         - @ConditionalOnClass did not find required class 'org.apache.tomcat.jdbc.pool.DataSource' (OnClassCondition)

   DataSourceJmxConfiguration.TomcatDataSourceJmxConfiguration:
      Did not match:
         - @ConditionalOnClass did not find required class 'org.apache.tomcat.jdbc.pool.DataSourceProxy' (OnClassCondition)

   DataSourcePoolMetadataProvidersConfiguration.CommonsDbcp2PoolDataSourceMetadataProviderConfiguration:
      Did not match:
         - @ConditionalOnClass did not find required class 'org.apache.commons.dbcp2.BasicDataSource' (OnClassCondition)

   DataSourcePoolMetadataProvidersConfiguration.OracleUcpPoolDataSourceMetadataProviderConfiguration:
      Did not match:
         - @ConditionalOnClass did not find required classes 'oracle.ucp.jdbc.PoolDataSource', 'oracle.jdbc.OracleConnection' (OnClassCondition)

   DataSourcePoolMetadataProvidersConfiguration.TomcatDataSourcePoolMetadataProviderConfiguration:
      Did not match:
         - @ConditionalOnClass did not find required class 'org.apache.tomcat.jdbc.pool.DataSource' (OnClassCondition)

   DataSourceTransactionManagerAutoConfiguration.JdbcTransactionManagerConfiguration#transactionManager:
      Did not match:
         - @ConditionalOnMissingBean (types: org.springframework.transaction.TransactionManager; SearchStrategy: all) found beans of type 'org.springframework.transaction.TransactionManager' transactionManager (OnBeanCondition)

   DispatcherServletAutoConfiguration.DispatcherServletConfiguration#multipartResolver:
      Did not match:
         - @ConditionalOnBean (types: org.springframework.web.multipart.MultipartResolver; SearchStrategy: all) did not find any beans of type org.springframework.web.multipart.MultipartResolver (OnBeanCondition)

   ElasticsearchClientAutoConfiguration:
      Did not match:
         - @ConditionalOnClass did not find required class 'co.elastic.clients.elasticsearch.ElasticsearchClient' (OnClassCondition)

   ElasticsearchDataAutoConfiguration:
      Did not match:
         - @ConditionalOnClass did not find required class 'org.springframework.data.elasticsearch.client.elc.ElasticsearchTemplate' (OnClassCondition)

   ElasticsearchRepositoriesAutoConfiguration:
      Did not match:
         - @ConditionalOnClass did not find required class 'org.springframework.data.elasticsearch.repository.ElasticsearchRepository' (OnClassCondition)

   ElasticsearchRestClientAutoConfiguration:
      Did not match:
         - @ConditionalOnClass did not find required class 'org.elasticsearch.client.RestClientBuilder' (OnClassCondition)

   EmbeddedLdapAutoConfiguration:
      Did not match:
         - @ConditionalOnClass did not find required class 'com.unboundid.ldap.listener.InMemoryDirectoryServer' (OnClassCondition)

   EmbeddedWebServerFactoryCustomizerAutoConfiguration.JettyWebServerFactoryCustomizerConfiguration:
      Did not match:
         - @ConditionalOnClass did not find required classes 'org.eclipse.jetty.server.Server', 'org.eclipse.jetty.util.Loader', 'org.eclipse.jetty.ee10.webapp.WebAppContext' (OnClassCondition)

   EmbeddedWebServerFactoryCustomizerAutoConfiguration.NettyWebServerFactoryCustomizerConfiguration:
      Did not match:
         - @ConditionalOnClass did not find required class 'reactor.netty.http.server.HttpServer' (OnClassCondition)

   EmbeddedWebServerFactoryCustomizerAutoConfiguration.TomcatWebServerFactoryCustomizerConfiguration#tomcatVirtualThreadsProtocolHandlerCustomizer:
      Did not match:
         - @ConditionalOnThreading did not find VIRTUAL (OnThreadingCondition)

   EmbeddedWebServerFactoryCustomizerAutoConfiguration.UndertowWebServerFactoryCustomizerConfiguration:
      Did not match:
         - @ConditionalOnClass did not find required classes 'io.undertow.Undertow', 'org.xnio.SslClientAuthMode' (OnClassCondition)

   ErrorWebFluxAutoConfiguration:
      Did not match:
         - @ConditionalOnClass did not find required class 'org.springframework.web.reactive.config.WebFluxConfigurer' (OnClassCondition)

   FlywayAutoConfiguration:
      Did not match:
         - @ConditionalOnClass did not find required class 'org.flywaydb.core.Flyway' (OnClassCondition)

   FreeMarkerAutoConfiguration:
      Did not match:
         - @ConditionalOnClass did not find required class 'freemarker.template.Configuration' (OnClassCondition)

   GraphQlAutoConfiguration:
      Did not match:
         - @ConditionalOnClass did not find required class 'graphql.GraphQL' (OnClassCondition)

   GraphQlQueryByExampleAutoConfiguration:
      Did not match:
         - @ConditionalOnClass did not find required class 'graphql.GraphQL' (OnClassCondition)

   GraphQlQuerydslAutoConfiguration:
      Did not match:
         - @ConditionalOnClass did not find required class 'com.querydsl.core.Query' (OnClassCondition)

   GraphQlRSocketAutoConfiguration:
      Did not match:
         - @ConditionalOnClass did not find required class 'graphql.GraphQL' (OnClassCondition)

   GraphQlReactiveQueryByExampleAutoConfiguration:
      Did not match:
         - @ConditionalOnClass did not find required class 'graphql.GraphQL' (OnClassCondition)

   GraphQlReactiveQuerydslAutoConfiguration:
      Did not match:
         - @ConditionalOnClass did not find required class 'com.querydsl.core.Query' (OnClassCondition)

   GraphQlWebFluxAutoConfiguration:
      Did not match:
         - @ConditionalOnClass did not find required class 'graphql.GraphQL' (OnClassCondition)

   GraphQlWebFluxSecurityAutoConfiguration:
      Did not match:
         - @ConditionalOnClass did not find required class 'graphql.GraphQL' (OnClassCondition)

   GraphQlWebMvcAutoConfiguration:
      Did not match:
         - @ConditionalOnClass did not find required class 'graphql.GraphQL' (OnClassCondition)

   GraphQlWebMvcSecurityAutoConfiguration:
      Did not match:
         - @ConditionalOnClass did not find required class 'graphql.GraphQL' (OnClassCondition)

   GroovyTemplateAutoConfiguration:
      Did not match:
         - @ConditionalOnClass did not find required class 'groovy.text.markup.MarkupTemplateEngine' (OnClassCondition)

   GsonAutoConfiguration:
      Did not match:
         - @ConditionalOnClass did not find required class 'com.google.gson.Gson' (OnClassCondition)

   GsonHttpMessageConvertersConfiguration:
      Did not match:
         - @ConditionalOnClass did not find required class 'com.google.gson.Gson' (OnClassCondition)

   H2ConsoleAutoConfiguration:
      Did not match:
         - @ConditionalOnClass did not find required class 'org.h2.server.web.JakartaWebServlet' (OnClassCondition)

   HazelcastAutoConfiguration:
      Did not match:
         - @ConditionalOnClass did not find required class 'com.hazelcast.core.HazelcastInstance' (OnClassCondition)

   HazelcastCacheConfiguration:
      Did not match:
         - @ConditionalOnClass did not find required class 'com.hazelcast.core.HazelcastInstance' (OnClassCondition)

   HazelcastJpaDependencyAutoConfiguration:
      Did not match:
         - @ConditionalOnClass did not find required class 'com.hazelcast.core.HazelcastInstance' (OnClassCondition)

   HttpHandlerAutoConfiguration:
      Did not match:
         - @ConditionalOnClass did not find required class 'org.springframework.web.reactive.DispatcherHandler' (OnClassCondition)

   HypermediaAutoConfiguration:
      Did not match:
         - @ConditionalOnClass did not find required class 'org.springframework.hateoas.EntityModel' (OnClassCondition)

   InfinispanCacheConfiguration:
      Did not match:
         - @ConditionalOnClass did not find required class 'org.infinispan.spring.embedded.provider.SpringEmbeddedCacheManager' (OnClassCondition)

   InfluxDbAutoConfiguration:
      Did not match:
         - @ConditionalOnClass did not find required class 'org.influxdb.InfluxDB' (OnClassCondition)

   IntegrationAutoConfiguration:
      Did not match:
         - @ConditionalOnClass did not find required class 'org.springframework.integration.config.EnableIntegration' (OnClassCondition)

   JCacheCacheConfiguration:
      Did not match:
         - @ConditionalOnClass did not find required class 'javax.cache.Caching' (OnClassCondition)

   JacksonHttpMessageConvertersConfiguration.MappingJackson2XmlHttpMessageConverterConfiguration:
      Did not match:
         - @ConditionalOnClass did not find required class 'com.fasterxml.jackson.dataformat.xml.XmlMapper' (OnClassCondition)

   JdbcRepositoriesAutoConfiguration:
      Did not match:
         - @ConditionalOnClass did not find required class 'org.springframework.data.jdbc.repository.config.AbstractJdbcConfiguration' (OnClassCondition)

   JerseyAutoConfiguration:
      Did not match:
         - @ConditionalOnClass did not find required class 'org.glassfish.jersey.server.spring.SpringComponentProvider' (OnClassCondition)

   JmsAutoConfiguration:
      Did not match:
         - @ConditionalOnClass did not find required class 'jakarta.jms.Message' (OnClassCondition)

   JmxAutoConfiguration:
      Did not match:
         - @ConditionalOnProperty (spring.jmx.enabled=true) did not find property 'enabled' (OnPropertyCondition)
      Matched:
         - @ConditionalOnClass found required class 'org.springframework.jmx.export.MBeanExporter' (OnClassCondition)

   JndiConnectionFactoryAutoConfiguration:
      Did not match:
         - @ConditionalOnClass did not find required class 'org.springframework.jms.core.JmsTemplate' (OnClassCondition)

   JndiDataSourceAutoConfiguration:
      Did not match:
         - @ConditionalOnProperty (spring.datasource.jndi-name) did not find property 'jndi-name' (OnPropertyCondition)
      Matched:
         - @ConditionalOnClass found required classes 'javax.sql.DataSource', 'org.springframework.jdbc.datasource.embedded.EmbeddedDatabaseType' (OnClassCondition)

   JndiJtaConfiguration:
      Did not match:
         - @ConditionalOnJndi JNDI environment is not available (OnJndiCondition)
      Matched:
         - @ConditionalOnClass found required class 'org.springframework.transaction.jta.JtaTransactionManager' (OnClassCondition)

   JooqAutoConfiguration:
      Did not match:
         - @ConditionalOnClass did not find required class 'org.jooq.DSLContext' (OnClassCondition)

   JpaRepositoriesAutoConfiguration#entityManagerFactoryBootstrapExecutorCustomizer:
      Did not match:
         - AnyNestedCondition 0 matched 2 did not; NestedCondition on JpaRepositoriesAutoConfiguration.BootstrapExecutorCondition.LazyBootstrapMode @ConditionalOnProperty (spring.data.jpa.repositories.bootstrap-mode=lazy) did not find property 'bootstrap-mode'; NestedCondition on JpaRepositoriesAutoConfiguration.BootstrapExecutorCondition.DeferredBootstrapMode @ConditionalOnProperty (spring.data.jpa.repositories.bootstrap-mode=deferred) did not find property 'bootstrap-mode' (JpaRepositoriesAutoConfiguration.BootstrapExecutorCondition)

   JsonbAutoConfiguration:
      Did not match:
         - @ConditionalOnClass did not find required class 'jakarta.json.bind.Jsonb' (OnClassCondition)

   JsonbHttpMessageConvertersConfiguration:
      Did not match:
         - @ConditionalOnClass did not find required class 'jakarta.json.bind.Jsonb' (OnClassCondition)

   KafkaAutoConfiguration:
      Did not match:
         - @ConditionalOnClass did not find required class 'org.springframework.kafka.core.KafkaTemplate' (OnClassCondition)

   LdapAutoConfiguration:
      Did not match:
         - @ConditionalOnClass did not find required class 'org.springframework.ldap.core.ContextSource' (OnClassCondition)

   LdapRepositoriesAutoConfiguration:
      Did not match:
         - @ConditionalOnClass did not find required class 'org.springframework.data.ldap.repository.LdapRepository' (OnClassCondition)

   LiquibaseAutoConfiguration:
      Did not match:
         - @ConditionalOnClass did not find required class 'liquibase.change.DatabaseChange' (OnClassCondition)

   MailSenderAutoConfiguration:
      Did not match:
         - @ConditionalOnClass did not find required class 'jakarta.mail.internet.MimeMessage' (OnClassCondition)

   MailSenderValidatorAutoConfiguration:
      Did not match:
         - @ConditionalOnSingleCandidate did not find required type 'org.springframework.mail.javamail.JavaMailSenderImpl' (OnBeanCondition)

   MessageSourceAutoConfiguration:
      Did not match:
         - ResourceBundle did not find bundle with basename messages (MessageSourceAutoConfiguration.ResourceBundleCondition)

   MongoAutoConfiguration:
      Did not match:
         - @ConditionalOnClass did not find required class 'com.mongodb.client.MongoClient' (OnClassCondition)

   MongoDataAutoConfiguration:
      Did not match:
         - @ConditionalOnClass did not find required class 'com.mongodb.client.MongoClient' (OnClassCondition)

   MongoReactiveAutoConfiguration:
      Did not match:
         - @ConditionalOnClass did not find required class 'com.mongodb.reactivestreams.client.MongoClient' (OnClassCondition)

   MongoReactiveDataAutoConfiguration:
      Did not match:
         - @ConditionalOnClass did not find required class 'com.mongodb.reactivestreams.client.MongoClient' (OnClassCondition)

   MongoReactiveRepositoriesAutoConfiguration:
      Did not match:
         - @ConditionalOnClass did not find required class 'com.mongodb.reactivestreams.client.MongoClient' (OnClassCondition)

   MongoRepositoriesAutoConfiguration:
      Did not match:
         - @ConditionalOnClass did not find required class 'com.mongodb.client.MongoClient' (OnClassCondition)

   MustacheAutoConfiguration:
      Did not match:
         - @ConditionalOnClass did not find required class 'com.samskivert.mustache.Mustache' (OnClassCondition)

   Neo4jAutoConfiguration:
      Did not match:
         - @ConditionalOnClass did not find required class 'org.neo4j.driver.Driver' (OnClassCondition)

   Neo4jDataAutoConfiguration:
      Did not match:
         - @ConditionalOnClass did not find required class 'org.neo4j.driver.Driver' (OnClassCondition)

   Neo4jReactiveDataAutoConfiguration:
      Did not match:
         - @ConditionalOnClass did not find required class 'org.neo4j.driver.Driver' (OnClassCondition)

   Neo4jReactiveRepositoriesAutoConfiguration:
      Did not match:
         - @ConditionalOnClass did not find required class 'org.neo4j.driver.Driver' (OnClassCondition)

   Neo4jRepositoriesAutoConfiguration:
      Did not match:
         - @ConditionalOnClass did not find required class 'org.neo4j.driver.Driver' (OnClassCondition)

   NettyAutoConfiguration:
      Did not match:
         - @ConditionalOnClass did not find required class 'io.netty.util.NettyRuntime' (OnClassCondition)

   OAuth2AuthorizationServerAutoConfiguration:
      Did not match:
         - @ConditionalOnClass did not find required class 'org.springframework.security.oauth2.server.authorization.OAuth2Authorization' (OnClassCondition)

   OAuth2AuthorizationServerJwtAutoConfiguration:
      Did not match:
         - @ConditionalOnClass did not find required class 'org.springframework.security.oauth2.server.authorization.OAuth2Authorization' (OnClassCondition)

   OAuth2ClientAutoConfiguration:
      Did not match:
         - @ConditionalOnClass did not find required class 'org.springframework.security.config.annotation.web.configuration.EnableWebSecurity' (OnClassCondition)

   OAuth2ResourceServerAutoConfiguration:
      Did not match:
         - @ConditionalOnClass did not find required class 'org.springframework.security.oauth2.server.resource.authentication.BearerTokenAuthenticationToken' (OnClassCondition)

   ProjectInfoAutoConfiguration#buildProperties:
      Did not match:
         - @ConditionalOnResource did not find resource '${spring.info.build.location:classpath:META-INF/build-info.properties}' (OnResourceCondition)

   ProjectInfoAutoConfiguration#gitProperties:
      Did not match:
         - GitResource did not find git info at classpath:git.properties (ProjectInfoAutoConfiguration.GitResourceAvailableCondition)

   PulsarAutoConfiguration:
      Did not match:
         - @ConditionalOnClass did not find required class 'org.apache.pulsar.client.api.PulsarClient' (OnClassCondition)

   PulsarReactiveAutoConfiguration:
      Did not match:
         - @ConditionalOnClass did not find required class 'org.apache.pulsar.client.api.PulsarClient' (OnClassCondition)

   QuartzAutoConfiguration:
      Did not match:
         - @ConditionalOnClass did not find required class 'org.quartz.Scheduler' (OnClassCondition)

   R2dbcAutoConfiguration:
      Did not match:
         - @ConditionalOnClass did not find required class 'io.r2dbc.spi.ConnectionFactory' (OnClassCondition)

   R2dbcDataAutoConfiguration:
      Did not match:
         - @ConditionalOnClass did not find required class 'org.springframework.data.r2dbc.core.R2dbcEntityTemplate' (OnClassCondition)

   R2dbcInitializationConfiguration:
      Did not match:
         - @ConditionalOnClass did not find required classes 'io.r2dbc.spi.ConnectionFactory', 'org.springframework.r2dbc.connection.init.DatabasePopulator' (OnClassCondition)

   R2dbcRepositoriesAutoConfiguration:
      Did not match:
         - @ConditionalOnClass did not find required class 'io.r2dbc.spi.ConnectionFactory' (OnClassCondition)

   R2dbcTransactionManagerAutoConfiguration:
      Did not match:
         - @ConditionalOnClass did not find required class 'org.springframework.r2dbc.connection.R2dbcTransactionManager' (OnClassCondition)

   RSocketGraphQlClientAutoConfiguration:
      Did not match:
         - @ConditionalOnClass did not find required class 'graphql.GraphQL' (OnClassCondition)

   RSocketMessagingAutoConfiguration:
      Did not match:
         - @ConditionalOnClass did not find required class 'io.rsocket.RSocket' (OnClassCondition)

   RSocketRequesterAutoConfiguration:
      Did not match:
         - @ConditionalOnClass did not find required class 'io.rsocket.RSocket' (OnClassCondition)

   RSocketSecurityAutoConfiguration:
      Did not match:
         - @ConditionalOnClass did not find required class 'org.springframework.security.rsocket.core.SecuritySocketAcceptorInterceptor' (OnClassCondition)

   RSocketServerAutoConfiguration:
      Did not match:
         - @ConditionalOnClass did not find required class 'io.rsocket.core.RSocketServer' (OnClassCondition)

   RSocketStrategiesAutoConfiguration:
      Did not match:
         - @ConditionalOnClass did not find required class 'io.netty.buffer.PooledByteBufAllocator' (OnClassCondition)

   RabbitAutoConfiguration:
      Did not match:
         - @ConditionalOnClass did not find required class 'com.rabbitmq.client.Channel' (OnClassCondition)

   ReactiveElasticsearchClientAutoConfiguration:
      Did not match:
         - @ConditionalOnClass did not find required class 'co.elastic.clients.transport.ElasticsearchTransport' (OnClassCondition)

   ReactiveElasticsearchRepositoriesAutoConfiguration:
      Did not match:
         - @ConditionalOnClass did not find required class 'org.springframework.data.elasticsearch.client.elc.ReactiveElasticsearchClient' (OnClassCondition)

   ReactiveMultipartAutoConfiguration:
      Did not match:
         - @ConditionalOnClass did not find required class 'org.springframework.web.reactive.config.WebFluxConfigurer' (OnClassCondition)

   ReactiveOAuth2ClientAutoConfiguration:
      Did not match:
         - @ConditionalOnClass did not find required class 'reactor.core.publisher.Flux' (OnClassCondition)

   ReactiveOAuth2ResourceServerAutoConfiguration:
      Did not match:
         - @ConditionalOnClass did not find required class 'org.springframework.security.config.annotation.web.reactive.EnableWebFluxSecurity' (OnClassCondition)

   ReactiveSecurityAutoConfiguration:
      Did not match:
         - @ConditionalOnClass did not find required class 'reactor.core.publisher.Flux' (OnClassCondition)

   ReactiveUserDetailsServiceAutoConfiguration:
      Did not match:
         - @ConditionalOnClass did not find required class 'org.springframework.security.authentication.ReactiveAuthenticationManager' (OnClassCondition)

   ReactiveWebServerFactoryAutoConfiguration:
      Did not match:
         - @ConditionalOnWebApplication did not find reactive web application classes (OnWebApplicationCondition)

   ReactorAutoConfiguration:
      Did not match:
         - @ConditionalOnClass did not find required class 'reactor.core.publisher.Hooks' (OnClassCondition)

   RedisAutoConfiguration:
      Did not match:
         - @ConditionalOnClass did not find required class 'org.springframework.data.redis.core.RedisOperations' (OnClassCondition)

   RedisCacheConfiguration:
      Did not match:
         - @ConditionalOnClass did not find required class 'org.springframework.data.redis.connection.RedisConnectionFactory' (OnClassCondition)

   RedisReactiveAutoConfiguration:
      Did not match:
         - @ConditionalOnClass did not find required class 'reactor.core.publisher.Flux' (OnClassCondition)

   RedisRepositoriesAutoConfiguration:
      Did not match:
         - @ConditionalOnClass did not find required class 'org.springframework.data.redis.repository.configuration.EnableRedisRepositories' (OnClassCondition)

   RepositoryRestMvcAutoConfiguration:
      Did not match:
         - @ConditionalOnClass did not find required class 'org.springframework.data.rest.webmvc.config.RepositoryRestMvcConfiguration' (OnClassCondition)

   Saml2RelyingPartyAutoConfiguration:
      Did not match:
         - @ConditionalOnClass did not find required class 'org.springframework.security.saml2.provider.service.registration.RelyingPartyRegistrationRepository' (OnClassCondition)

   SecurityAutoConfiguration:
      Did not match:
         - @ConditionalOnClass did not find required class 'org.springframework.security.authentication.DefaultAuthenticationEventPublisher' (OnClassCondition)

   SecurityFilterAutoConfiguration:
      Did not match:
         - @ConditionalOnClass did not find required class 'org.springframework.security.config.http.SessionCreationPolicy' (OnClassCondition)

   SendGridAutoConfiguration:
      Did not match:
         - @ConditionalOnClass did not find required class 'com.sendgrid.SendGrid' (OnClassCondition)

   ServletWebServerFactoryAutoConfiguration.ForwardedHeaderFilterConfiguration:
      Did not match:
         - @ConditionalOnProperty (server.forward-headers-strategy=framework) did not find property 'server.forward-headers-strategy' (OnPropertyCondition)

   ServletWebServerFactoryConfiguration.EmbeddedJetty:
      Did not match:
         - @ConditionalOnClass did not find required classes 'org.eclipse.jetty.server.Server', 'org.eclipse.jetty.util.Loader', 'org.eclipse.jetty.ee10.webapp.WebAppContext' (OnClassCondition)

   ServletWebServerFactoryConfiguration.EmbeddedUndertow:
      Did not match:
         - @ConditionalOnClass did not find required classes 'io.undertow.Undertow', 'org.xnio.SslClientAuthMode' (OnClassCondition)

   SessionAutoConfiguration:
      Did not match:
         - @ConditionalOnClass did not find required class 'org.springframework.session.Session' (OnClassCondition)

   SpringApplicationAdminJmxAutoConfiguration:
      Did not match:
         - @ConditionalOnProperty (spring.application.admin.enabled=true) did not find property 'enabled' (OnPropertyCondition)

   TaskExecutorConfigurations.SimpleAsyncTaskExecutorBuilderConfiguration#simpleAsyncTaskExecutorBuilderVirtualThreads:
      Did not match:
         - @ConditionalOnMissingBean (types: org.springframework.boot.task.SimpleAsyncTaskExecutorBuilder; SearchStrategy: all) found beans of type 'org.springframework.boot.task.SimpleAsyncTaskExecutorBuilder' simpleAsyncTaskExecutorBuilder (OnBeanCondition)

   TaskExecutorConfigurations.TaskExecutorConfiguration#applicationTaskExecutorVirtualThreads:
      Did not match:
         - @ConditionalOnThreading did not find VIRTUAL (OnThreadingCondition)

   TaskSchedulingAutoConfiguration#scheduledBeanLazyInitializationExcludeFilter:
      Did not match:
         - @ConditionalOnBean (names: org.springframework.context.annotation.internalScheduledAnnotationProcessor; SearchStrategy: all) did not find any beans named org.springframework.context.annotation.internalScheduledAnnotationProcessor (OnBeanCondition)

   TaskSchedulingConfigurations.SimpleAsyncTaskSchedulerBuilderConfiguration#simpleAsyncTaskSchedulerBuilderVirtualThreads:
      Did not match:
         - @ConditionalOnMissingBean (types: org.springframework.boot.task.SimpleAsyncTaskSchedulerBuilder; SearchStrategy: all) found beans of type 'org.springframework.boot.task.SimpleAsyncTaskSchedulerBuilder' simpleAsyncTaskSchedulerBuilder (OnBeanCondition)

   TaskSchedulingConfigurations.TaskSchedulerConfiguration:
      Did not match:
         - @ConditionalOnBean (names: org.springframework.context.annotation.internalScheduledAnnotationProcessor; SearchStrategy: all) did not find any beans named org.springframework.context.annotation.internalScheduledAnnotationProcessor (OnBeanCondition)

   ThymeleafAutoConfiguration:
      Did not match:
         - @ConditionalOnClass did not find required class 'org.thymeleaf.spring6.SpringTemplateEngine' (OnClassCondition)

   TransactionAutoConfiguration#transactionalOperator:
      Did not match:
         - @ConditionalOnSingleCandidate (types: org.springframework.transaction.ReactiveTransactionManager; SearchStrategy: all) did not find any beans (OnBeanCondition)

   TransactionAutoConfiguration.AspectJTransactionManagementConfiguration:
      Did not match:
         - @ConditionalOnBean (types: org.springframework.transaction.aspectj.AbstractTransactionAspect; SearchStrategy: all) did not find any beans of type org.springframework.transaction.aspectj.AbstractTransactionAspect (OnBeanCondition)

   TransactionAutoConfiguration.EnableTransactionManagementConfiguration.JdkDynamicAutoProxyConfiguration:
      Did not match:
         - @ConditionalOnProperty (spring.aop.proxy-target-class=false) did not find property 'proxy-target-class' (OnPropertyCondition)

   UserDetailsServiceAutoConfiguration:
      Did not match:
         - @ConditionalOnClass did not find required class 'org.springframework.security.authentication.AuthenticationManager' (OnClassCondition)

   WebClientAutoConfiguration:
      Did not match:
         - @ConditionalOnClass did not find required class 'org.springframework.web.reactive.function.client.WebClient' (OnClassCondition)

   WebFluxAutoConfiguration:
      Did not match:
         - @ConditionalOnClass did not find required class 'org.springframework.web.reactive.config.WebFluxConfigurer' (OnClassCondition)

   WebMvcAutoConfiguration#hiddenHttpMethodFilter:
      Did not match:
         - @ConditionalOnProperty (spring.mvc.hiddenmethod.filter.enabled) did not find property 'enabled' (OnPropertyCondition)

   WebMvcAutoConfiguration.ProblemDetailsErrorHandlingConfiguration:
      Did not match:
         - @ConditionalOnProperty (spring.mvc.problemdetails.enabled=true) did not find property 'enabled' (OnPropertyCondition)

   WebMvcAutoConfiguration.ResourceChainCustomizerConfiguration:
      Did not match:
         - @ConditionalOnEnabledResourceChain did not find class org.webjars.WebJarAssetLocator (OnEnabledResourceChainCondition)

   WebMvcAutoConfiguration.WebMvcAutoConfigurationAdapter#beanNameViewResolver:
      Did not match:
         - @ConditionalOnMissingBean (types: org.springframework.web.servlet.view.BeanNameViewResolver; SearchStrategy: all) found beans of type 'org.springframework.web.servlet.view.BeanNameViewResolver' beanNameViewResolver (OnBeanCondition)

   WebServiceTemplateAutoConfiguration:
      Did not match:
         - @ConditionalOnClass did not find required class 'org.springframework.oxm.Marshaller' (OnClassCondition)

   WebServicesAutoConfiguration:
      Did not match:
         - @ConditionalOnClass did not find required class 'org.springframework.ws.transport.http.MessageDispatcherServlet' (OnClassCondition)

   WebSessionIdResolverAutoConfiguration:
      Did not match:
         - @ConditionalOnClass did not find required class 'reactor.core.publisher.Mono' (OnClassCondition)

   WebSocketMessagingAutoConfiguration:
      Did not match:
         - @ConditionalOnClass did not find required class 'org.springframework.web.socket.config.annotation.WebSocketMessageBrokerConfigurer' (OnClassCondition)

   WebSocketReactiveAutoConfiguration:
      Did not match:
         - @ConditionalOnWebApplication did not find reactive web application classes (OnWebApplicationCondition)

   WebSocketServletAutoConfiguration.JettyWebSocketConfiguration:
      Did not match:
         - @ConditionalOnClass did not find required class 'org.eclipse.jetty.ee10.websocket.jakarta.server.config.JakartaWebSocketServletContainerInitializer' (OnClassCondition)

   WebSocketServletAutoConfiguration.UndertowWebSocketConfiguration:
      Did not match:
         - @ConditionalOnClass did not find required class 'io.undertow.websockets.jsr.Bootstrap' (OnClassCondition)

   XADataSourceAutoConfiguration:
      Did not match:
         - @ConditionalOnBean (types: org.springframework.boot.jdbc.XADataSourceWrapper; SearchStrategy: all) did not find any beans of type org.springframework.boot.jdbc.XADataSourceWrapper (OnBeanCondition)
      Matched:
         - @ConditionalOnClass found required classes 'javax.sql.DataSource', 'jakarta.transaction.TransactionManager', 'org.springframework.jdbc.datasource.embedded.EmbeddedDatabaseType' (OnClassCondition)


Exclusions:
-----------

    None


Unconditional classes:
----------------------

    org.springframework.boot.autoconfigure.context.ConfigurationPropertiesAutoConfiguration

    org.springframework.boot.autoconfigure.ssl.SslAutoConfiguration

    org.springframework.boot.autoconfigure.context.LifecycleAutoConfiguration

    org.springframework.boot.autoconfigure.context.PropertyPlaceholderAutoConfiguration

    org.springframework.boot.autoconfigure.availability.ApplicationAvailabilityAutoConfiguration

    org.springframework.boot.autoconfigure.info.ProjectInfoAutoConfiguration



2026-09-18T09:01:52.877+05:30  INFO 2780 --- [urban-drainage-portal] [           main] c.u.p.UrbanDrainagePortalApplication     : Started UrbanDrainagePortalApplication in 28.589 seconds (process running for 30.205)
2026-09-18T09:01:52.882+05:30 DEBUG 2780 --- [urban-drainage-portal] [           main] o.s.b.a.ApplicationAvailabilityBean      : Application availability state LivenessState changed to CORRECT
2026-09-18T09:01:55.021+05:30 DEBUG 2780 --- [urban-drainage-portal] [           main] org.hibernate.SQL                        : select count(*) from users u1_0
2026-09-18T09:01:55.929+05:30 DEBUG 2780 --- [urban-drainage-portal] [           main] org.hibernate.SQL                        : select count(*) from drainage_infrastructure di1_0
2026-09-18T09:01:56.784+05:30 DEBUG 2780 --- [urban-drainage-portal] [           main] org.hibernate.SQL                        : select count(*) from drainage_complaints dc1_0
2026-09-18T09:01:57.366+05:30 DEBUG 2780 --- [urban-drainage-portal] [           main] org.hibernate.SQL                        : select count(*) from notifications n1_0
2026-09-18T09:01:57.978+05:30 DEBUG 2780 --- [urban-drainage-portal] [           main] o.s.b.a.ApplicationAvailabilityBean      : Application availability state ReadinessState changed to ACCEPTING_TRAFFIC
2026-09-18T09:02:02.289+05:30  INFO 2780 --- [urban-drainage-portal] [nio-8081-exec-1] o.a.c.c.C.[Tomcat].[localhost].[/]       : Initializing Spring DispatcherServlet 'dispatcherServlet'
2026-09-18T09:02:02.290+05:30  INFO 2780 --- [urban-drainage-portal] [nio-8081-exec-1] o.s.web.servlet.DispatcherServlet        : Initializing Servlet 'dispatcherServlet'
2026-09-18T09:02:02.290+05:30 DEBUG 2780 --- [urban-drainage-portal] [nio-8081-exec-1] o.s.web.servlet.DispatcherServlet        : Detected StandardServletMultipartResolver
2026-09-18T09:02:02.291+05:30 DEBUG 2780 --- [urban-drainage-portal] [nio-8081-exec-1] o.s.web.servlet.DispatcherServlet        : Detected AcceptHeaderLocaleResolver
2026-09-18T09:02:02.291+05:30 DEBUG 2780 --- [urban-drainage-portal] [nio-8081-exec-1] o.s.web.servlet.DispatcherServlet        : Detected FixedThemeResolver
2026-09-18T09:02:02.296+05:30 DEBUG 2780 --- [urban-drainage-portal] [nio-8081-exec-1] o.s.web.servlet.DispatcherServlet        : Detected org.springframework.web.servlet.view.DefaultRequestToViewNameTranslator@7789526e
2026-09-18T09:02:02.297+05:30 DEBUG 2780 --- [urban-drainage-portal] [nio-8081-exec-1] o.s.web.servlet.DispatcherServlet        : Detected org.springframework.web.servlet.support.SessionFlashMapManager@60256d1b
2026-09-18T09:02:02.297+05:30 DEBUG 2780 --- [urban-drainage-portal] [nio-8081-exec-1] o.s.web.servlet.DispatcherServlet        : enableLoggingRequestDetails='false': request parameters and headers will be masked to prevent unsafe logging of potentially sensitive data
2026-09-18T09:02:02.297+05:30  INFO 2780 --- [urban-drainage-portal] [nio-8081-exec-1] o.s.web.servlet.DispatcherServlet        : Completed initialization in 7 ms
2026-09-18T09:02:02.332+05:30 DEBUG 2780 --- [urban-drainage-portal] [nio-8081-exec-1] o.s.web.servlet.DispatcherServlet        : GET "/api/complaints", parameters={}
2026-09-18T09:02:02.379+05:30 DEBUG 2780 --- [urban-drainage-portal] [nio-8081-exec-1] s.w.s.m.m.a.RequestMappingHandlerMapping : Mapped to com.urbandrainage.portal.controller.ComplaintController#getAllComplaints()
2026-09-18T09:02:02.563+05:30 DEBUG 2780 --- [urban-drainage-portal] [nio-8081-exec-1] org.hibernate.SQL                        : select dc1_0.id,dc1_0.address,dc1_0.assigned_staff_id,dc1_0.assigned_staff_name,dc1_0.created_at,dc1_0.description,dc1_0.feedback,dc1_0.feedback_submitted_at,dc1_0.inspection_notes,dc1_0.issue_type,dc1_0.latitude,dc1_0.longitude,dc1_0.maintenance_notes,dc1_0.photo_url,dc1_0.priority,dc1_0.rating,dc1_0.status,dc1_0.updated_at,dc1_0.user_id,dc1_0.user_name from drainage_complaints dc1_0 order by dc1_0.created_at desc
2026-09-18T09:02:03.389+05:30 DEBUG 2780 --- [urban-drainage-portal] [nio-8081-exec-1] o.s.w.s.m.m.a.HttpEntityMethodProcessor  : Using 'application/json', given [*/*] and supported [application/json, application/*+json]
2026-09-18T09:02:03.393+05:30 DEBUG 2780 --- [urban-drainage-portal] [nio-8081-exec-1] o.s.w.s.m.m.a.HttpEntityMethodProcessor  : Writing [[com.urbandrainage.portal.entity.DrainageComplaint@51838acf, com.urbandrainage.portal.entity.Drainag (truncated)...]
2026-09-18T09:02:03.595+05:30 DEBUG 2780 --- [urban-drainage-portal] [nio-8081-exec-1] o.s.web.servlet.DispatcherServlet        : Completed 200 OK
2026-09-18T09:02:22.140+05:30 DEBUG 2780 --- [urban-drainage-portal] [nio-8081-exec-3] o.s.web.servlet.DispatcherServlet        : GET "/api/complaints", parameters={}
2026-09-18T09:02:22.141+05:30 DEBUG 2780 --- [urban-drainage-portal] [nio-8081-exec-3] s.w.s.m.m.a.RequestMappingHandlerMapping : Mapped to com.urbandrainage.portal.controller.ComplaintController#getAllComplaints()
2026-09-18T09:02:22.147+05:30 DEBUG 2780 --- [urban-drainage-portal] [nio-8081-exec-3] org.hibernate.SQL                        : select dc1_0.id,dc1_0.address,dc1_0.assigned_staff_id,dc1_0.assigned_staff_name,dc1_0.created_at,dc1_0.description,dc1_0.feedback,dc1_0.feedback_submitted_at,dc1_0.inspection_notes,dc1_0.issue_type,dc1_0.latitude,dc1_0.longitude,dc1_0.maintenance_notes,dc1_0.photo_url,dc1_0.priority,dc1_0.rating,dc1_0.status,dc1_0.updated_at,dc1_0.user_id,dc1_0.user_name from drainage_complaints dc1_0 order by dc1_0.created_at desc
2026-09-18T09:02:22.862+05:30 DEBUG 2780 --- [urban-drainage-portal] [nio-8081-exec-3] o.s.w.s.m.m.a.HttpEntityMethodProcessor  : Using 'application/json', given [*/*] and supported [application/json, application/*+json]
2026-09-18T09:02:22.863+05:30 DEBUG 2780 --- [urban-drainage-portal] [nio-8081-exec-3] o.s.w.s.m.m.a.HttpEntityMethodProcessor  : Writing [[com.urbandrainage.portal.entity.DrainageComplaint@5cf96c06, com.urbandrainage.portal.entity.Drainag (truncated)...]
2026-09-18T09:02:22.869+05:30 DEBUG 2780 --- [urban-drainage-portal] [nio-8081-exec-3] o.s.web.servlet.DispatcherServlet        : Completed 200 OK
2026-09-18T09:03:08.847+05:30 DEBUG 2780 --- [urban-drainage-portal] [nio-8081-exec-8] o.s.web.servlet.DispatcherServlet        : GET "/api/notifications/user/1", parameters={}
2026-09-18T09:03:08.847+05:30 DEBUG 2780 --- [urban-drainage-portal] [nio-8081-exec-6] o.s.web.servlet.DispatcherServlet        : GET "/api/complaints/stats", parameters={}
2026-09-18T09:03:08.847+05:30 DEBUG 2780 --- [urban-drainage-portal] [nio-8081-exec-4] o.s.web.servlet.DispatcherServlet        : GET "/api/users/staff", parameters={}
2026-09-18T09:03:08.847+05:30 DEBUG 2780 --- [urban-drainage-portal] [io-8081-exec-10] o.s.web.servlet.DispatcherServlet        : GET "/api/complaints", parameters={}
2026-09-18T09:03:08.847+05:30 DEBUG 2780 --- [urban-drainage-portal] [nio-8081-exec-5] o.s.web.servlet.DispatcherServlet        : GET "/api/drainage/infrastructure", parameters={}
2026-09-18T09:03:08.884+05:30 DEBUG 2780 --- [urban-drainage-portal] [nio-8081-exec-4] s.w.s.m.m.a.RequestMappingHandlerMapping : Mapped to com.urbandrainage.portal.controller.UserController#getStaffMembers()
2026-09-18T09:03:08.884+05:30 DEBUG 2780 --- [urban-drainage-portal] [nio-8081-exec-6] s.w.s.m.m.a.RequestMappingHandlerMapping : Mapped to com.urbandrainage.portal.controller.ComplaintController#getStats()
2026-09-18T09:03:08.884+05:30 DEBUG 2780 --- [urban-drainage-portal] [nio-8081-exec-5] s.w.s.m.m.a.RequestMappingHandlerMapping : Mapped to com.urbandrainage.portal.controller.InfrastructureController#getAllInfrastructure()
2026-09-18T09:03:08.884+05:30 DEBUG 2780 --- [urban-drainage-portal] [io-8081-exec-10] s.w.s.m.m.a.RequestMappingHandlerMapping : Mapped to com.urbandrainage.portal.controller.ComplaintController#getAllComplaints()
2026-09-18T09:03:08.891+05:30 DEBUG 2780 --- [urban-drainage-portal] [nio-8081-exec-8] s.w.s.m.m.a.RequestMappingHandlerMapping : Mapped to com.urbandrainage.portal.controller.NotificationController#getUserNotifications(Long)
2026-09-18T09:03:08.953+05:30 DEBUG 2780 --- [urban-drainage-portal] [io-8081-exec-10] org.hibernate.SQL                        : select dc1_0.id,dc1_0.address,dc1_0.assigned_staff_id,dc1_0.assigned_staff_name,dc1_0.created_at,dc1_0.description,dc1_0.feedback,dc1_0.feedback_submitted_at,dc1_0.inspection_notes,dc1_0.issue_type,dc1_0.latitude,dc1_0.longitude,dc1_0.maintenance_notes,dc1_0.photo_url,dc1_0.priority,dc1_0.rating,dc1_0.status,dc1_0.updated_at,dc1_0.user_id,dc1_0.user_name from drainage_complaints dc1_0 order by dc1_0.created_at desc
2026-09-18T09:03:09.058+05:30 DEBUG 2780 --- [urban-drainage-portal] [nio-8081-exec-4] org.hibernate.SQL                        : select u1_0.id,u1_0.created_at,u1_0.department,u1_0.email,u1_0.name,u1_0.phone,u1_0.role from users u1_0 where u1_0.role=?
2026-09-18T09:03:09.058+05:30 DEBUG 2780 --- [urban-drainage-portal] [nio-8081-exec-8] org.hibernate.SQL                        : select n1_0.id,n1_0.created_at,n1_0.is_read,n1_0.message,n1_0.title,n1_0.type,n1_0.user_id from notifications n1_0 where n1_0.user_id=? order by n1_0.created_at desc
2026-09-18T09:03:09.254+05:30 DEBUG 2780 --- [urban-drainage-portal] [nio-8081-exec-6] org.hibernate.SQL                        : select count(*) from drainage_complaints dc1_0
2026-09-18T09:03:09.256+05:30 DEBUG 2780 --- [urban-drainage-portal] [nio-8081-exec-5] org.hibernate.SQL                        : select di1_0.id,di1_0.address,di1_0.created_at,di1_0.description,di1_0.latitude,di1_0.longitude,di1_0.name,di1_0.status,di1_0.type,di1_0.updated_at from drainage_infrastructure di1_0
2026-09-18T09:03:09.552+05:30 DEBUG 2780 --- [urban-drainage-portal] [io-8081-exec-10] o.s.w.s.m.m.a.HttpEntityMethodProcessor  : Using 'application/json', given [*/*] and supported [application/json, application/*+json]
2026-09-18T09:03:09.554+05:30 DEBUG 2780 --- [urban-drainage-portal] [io-8081-exec-10] o.s.w.s.m.m.a.HttpEntityMethodProcessor  : Writing [[com.urbandrainage.portal.entity.DrainageComplaint@4fe4b13a, com.urbandrainage.portal.entity.Drainag (truncated)...]
2026-09-18T09:03:09.572+05:30 DEBUG 2780 --- [urban-drainage-portal] [io-8081-exec-10] o.s.web.servlet.DispatcherServlet        : Completed 200 OK
2026-09-18T09:03:09.588+05:30 DEBUG 2780 --- [urban-drainage-portal] [nio-8081-exec-9] o.s.web.servlet.DispatcherServlet        : GET "/api/complaints", parameters={}
2026-09-18T09:03:09.589+05:30 DEBUG 2780 --- [urban-drainage-portal] [nio-8081-exec-9] s.w.s.m.m.a.RequestMappingHandlerMapping : Mapped to com.urbandrainage.portal.controller.ComplaintController#getAllComplaints()
2026-09-18T09:03:09.596+05:30 DEBUG 2780 --- [urban-drainage-portal] [nio-8081-exec-9] org.hibernate.SQL                        : select dc1_0.id,dc1_0.address,dc1_0.assigned_staff_id,dc1_0.assigned_staff_name,dc1_0.created_at,dc1_0.description,dc1_0.feedback,dc1_0.feedback_submitted_at,dc1_0.inspection_notes,dc1_0.issue_type,dc1_0.latitude,dc1_0.longitude,dc1_0.maintenance_notes,dc1_0.photo_url,dc1_0.priority,dc1_0.rating,dc1_0.status,dc1_0.updated_at,dc1_0.user_id,dc1_0.user_name from drainage_complaints dc1_0 order by dc1_0.created_at desc
2026-09-18T09:03:09.834+05:30 DEBUG 2780 --- [urban-drainage-portal] [nio-8081-exec-5] o.s.w.s.m.m.a.HttpEntityMethodProcessor  : Using 'application/json', given [*/*] and supported [application/json, application/*+json]
2026-09-18T09:03:09.835+05:30 DEBUG 2780 --- [urban-drainage-portal] [nio-8081-exec-5] o.s.w.s.m.m.a.HttpEntityMethodProcessor  : Writing [[com.urbandrainage.portal.entity.DrainageInfrastructure@5ddfec76, com.urbandrainage.portal.entity.Dr (truncated)...]
2026-09-18T09:03:09.837+05:30 DEBUG 2780 --- [urban-drainage-portal] [nio-8081-exec-4] o.s.w.s.m.m.a.HttpEntityMethodProcessor  : Using 'application/json', given [*/*] and supported [application/json, application/*+json]
2026-09-18T09:03:09.837+05:30 DEBUG 2780 --- [urban-drainage-portal] [nio-8081-exec-4] o.s.w.s.m.m.a.HttpEntityMethodProcessor  : Writing [[com.urbandrainage.portal.entity.User@464e1078, com.urbandrainage.portal.entity.User@33dd34b1]]
2026-09-18T09:03:09.839+05:30 DEBUG 2780 --- [urban-drainage-portal] [nio-8081-exec-8] o.s.w.s.m.m.a.HttpEntityMethodProcessor  : Using 'application/json', given [*/*] and supported [application/json, application/*+json]
2026-09-18T09:03:09.839+05:30 DEBUG 2780 --- [urban-drainage-portal] [nio-8081-exec-8] o.s.w.s.m.m.a.HttpEntityMethodProcessor  : Writing [[com.urbandrainage.portal.entity.Notification@1b8b4b01, com.urbandrainage.portal.entity.Notification (truncated)...]
2026-09-18T09:03:09.844+05:30 DEBUG 2780 --- [urban-drainage-portal] [nio-8081-exec-6] org.hibernate.SQL                        : select count(dc1_0.id) from drainage_complaints dc1_0 where dc1_0.status=?
2026-09-18T09:03:09.857+05:30 DEBUG 2780 --- [urban-drainage-portal] [nio-8081-exec-5] o.s.web.servlet.DispatcherServlet        : Completed 200 OK
2026-09-18T09:03:09.857+05:30 DEBUG 2780 --- [urban-drainage-portal] [nio-8081-exec-4] o.s.web.servlet.DispatcherServlet        : Completed 200 OK
2026-09-18T09:03:09.857+05:30 DEBUG 2780 --- [urban-drainage-portal] [nio-8081-exec-8] o.s.web.servlet.DispatcherServlet        : Completed 200 OK
2026-09-18T09:03:09.881+05:30 DEBUG 2780 --- [urban-drainage-portal] [nio-8081-exec-7] o.s.web.servlet.DispatcherServlet        : GET "/api/users/staff", parameters={}
2026-09-18T09:03:09.881+05:30 DEBUG 2780 --- [urban-drainage-portal] [nio-8081-exec-1] o.s.web.servlet.DispatcherServlet        : GET "/api/drainage/infrastructure", parameters={}
2026-09-18T09:03:09.881+05:30 DEBUG 2780 --- [urban-drainage-portal] [nio-8081-exec-2] o.s.web.servlet.DispatcherServlet        : GET "/api/notifications/user/1", parameters={}
2026-09-18T09:03:09.881+05:30 DEBUG 2780 --- [urban-drainage-portal] [nio-8081-exec-7] s.w.s.m.m.a.RequestMappingHandlerMapping : Mapped to com.urbandrainage.portal.controller.UserController#getStaffMembers()
2026-09-18T09:03:09.882+05:30 DEBUG 2780 --- [urban-drainage-portal] [nio-8081-exec-1] s.w.s.m.m.a.RequestMappingHandlerMapping : Mapped to com.urbandrainage.portal.controller.InfrastructureController#getAllInfrastructure()
2026-09-18T09:03:09.882+05:30 DEBUG 2780 --- [urban-drainage-portal] [nio-8081-exec-2] s.w.s.m.m.a.RequestMappingHandlerMapping : Mapped to com.urbandrainage.portal.controller.NotificationController#getUserNotifications(Long)
2026-09-18T09:03:09.886+05:30 DEBUG 2780 --- [urban-drainage-portal] [nio-8081-exec-7] org.hibernate.SQL                        : select u1_0.id,u1_0.created_at,u1_0.department,u1_0.email,u1_0.name,u1_0.phone,u1_0.role from users u1_0 where u1_0.role=?
2026-09-18T09:03:09.886+05:30 DEBUG 2780 --- [urban-drainage-portal] [nio-8081-exec-1] org.hibernate.SQL                        : select di1_0.id,di1_0.address,di1_0.created_at,di1_0.description,di1_0.latitude,di1_0.longitude,di1_0.name,di1_0.status,di1_0.type,di1_0.updated_at from drainage_infrastructure di1_0
2026-09-18T09:03:09.888+05:30 DEBUG 2780 --- [urban-drainage-portal] [nio-8081-exec-2] org.hibernate.SQL                        : select n1_0.id,n1_0.created_at,n1_0.is_read,n1_0.message,n1_0.title,n1_0.type,n1_0.user_id from notifications n1_0 where n1_0.user_id=? order by n1_0.created_at desc
2026-09-18T09:03:09.900+05:30 DEBUG 2780 --- [urban-drainage-portal] [nio-8081-exec-9] o.s.w.s.m.m.a.HttpEntityMethodProcessor  : Using 'application/json', given [*/*] and supported [application/json, application/*+json]
2026-09-18T09:03:09.901+05:30 DEBUG 2780 --- [urban-drainage-portal] [nio-8081-exec-9] o.s.w.s.m.m.a.HttpEntityMethodProcessor  : Writing [[com.urbandrainage.portal.entity.DrainageComplaint@170d49b4, com.urbandrainage.portal.entity.Drainag (truncated)...]
2026-09-18T09:03:09.918+05:30 DEBUG 2780 --- [urban-drainage-portal] [nio-8081-exec-9] o.s.web.servlet.DispatcherServlet        : Completed 200 OK
2026-09-18T09:03:10.169+05:30 DEBUG 2780 --- [urban-drainage-portal] [nio-8081-exec-7] o.s.w.s.m.m.a.HttpEntityMethodProcessor  : Using 'application/json', given [*/*] and supported [application/json, application/*+json]
2026-09-18T09:03:10.169+05:30 DEBUG 2780 --- [urban-drainage-portal] [nio-8081-exec-2] o.s.w.s.m.m.a.HttpEntityMethodProcessor  : Using 'application/json', given [*/*] and supported [application/json, application/*+json]
2026-09-18T09:03:10.170+05:30 DEBUG 2780 --- [urban-drainage-portal] [nio-8081-exec-7] o.s.w.s.m.m.a.HttpEntityMethodProcessor  : Writing [[com.urbandrainage.portal.entity.User@5ae52532, com.urbandrainage.portal.entity.User@470bf3fb]]
2026-09-18T09:03:10.170+05:30 DEBUG 2780 --- [urban-drainage-portal] [nio-8081-exec-2] o.s.w.s.m.m.a.HttpEntityMethodProcessor  : Writing [[com.urbandrainage.portal.entity.Notification@54f5a77b, com.urbandrainage.portal.entity.Notification (truncated)...]
2026-09-18T09:03:10.170+05:30 DEBUG 2780 --- [urban-drainage-portal] [nio-8081-exec-6] org.hibernate.SQL                        : select count(dc1_0.id) from drainage_complaints dc1_0 where dc1_0.status=?
2026-09-18T09:03:10.173+05:30 DEBUG 2780 --- [urban-drainage-portal] [nio-8081-exec-7] o.s.web.servlet.DispatcherServlet        : Completed 200 OK
2026-09-18T09:03:10.173+05:30 DEBUG 2780 --- [urban-drainage-portal] [nio-8081-exec-2] o.s.web.servlet.DispatcherServlet        : Completed 200 OK
2026-09-18T09:03:10.477+05:30 DEBUG 2780 --- [urban-drainage-portal] [nio-8081-exec-1] o.s.w.s.m.m.a.HttpEntityMethodProcessor  : Using 'application/json', given [*/*] and supported [application/json, application/*+json]
2026-09-18T09:03:10.478+05:30 DEBUG 2780 --- [urban-drainage-portal] [nio-8081-exec-1] o.s.w.s.m.m.a.HttpEntityMethodProcessor  : Writing [[com.urbandrainage.portal.entity.DrainageInfrastructure@22d18ec3, com.urbandrainage.portal.entity.Dr (truncated)...]
2026-09-18T09:03:10.479+05:30 DEBUG 2780 --- [urban-drainage-portal] [nio-8081-exec-6] org.hibernate.SQL                        : select count(dc1_0.id) from drainage_complaints dc1_0 where dc1_0.status=?
2026-09-18T09:03:10.481+05:30 DEBUG 2780 --- [urban-drainage-portal] [nio-8081-exec-1] o.s.web.servlet.DispatcherServlet        : Completed 200 OK
2026-09-18T09:03:10.766+05:30 DEBUG 2780 --- [urban-drainage-portal] [nio-8081-exec-6] org.hibernate.SQL                        : select count(dc1_0.id) from drainage_complaints dc1_0 where dc1_0.status=?
2026-09-18T09:03:11.065+05:30 DEBUG 2780 --- [urban-drainage-portal] [nio-8081-exec-6] org.hibernate.SQL                        : select count(dc1_0.id) from drainage_complaints dc1_0 where dc1_0.status=?
2026-09-18T09:03:11.357+05:30 DEBUG 2780 --- [urban-drainage-portal] [nio-8081-exec-6] org.hibernate.SQL                        : select count(dc1_0.id) from drainage_complaints dc1_0 where dc1_0.status=?
2026-09-18T09:03:11.690+05:30 DEBUG 2780 --- [urban-drainage-portal] [nio-8081-exec-6] org.hibernate.SQL                        : select count(dc1_0.id) from drainage_complaints dc1_0 where dc1_0.priority=?
2026-09-18T09:03:11.993+05:30 DEBUG 2780 --- [urban-drainage-portal] [nio-8081-exec-6] org.hibernate.SQL                        : select count(dc1_0.id) from drainage_complaints dc1_0 where dc1_0.priority=?
2026-09-18T09:03:12.291+05:30 DEBUG 2780 --- [urban-drainage-portal] [nio-8081-exec-6] org.hibernate.SQL                        : select count(*) from drainage_infrastructure di1_0
2026-09-18T09:03:12.951+05:30 DEBUG 2780 --- [urban-drainage-portal] [nio-8081-exec-6] o.s.w.s.m.m.a.HttpEntityMethodProcessor  : Using 'application/json', given [*/*] and supported [application/json, application/*+json]
2026-09-18T09:03:13.014+05:30 DEBUG 2780 --- [urban-drainage-portal] [nio-8081-exec-6] o.s.w.s.m.m.a.HttpEntityMethodProcessor  : Writing [DashboardStatsDTO[totalComplaints=5, submitted=1, underReview=1, assigned=1, inProgress=1, resolved= (truncated)...]
2026-09-18T09:03:13.020+05:30 DEBUG 2780 --- [urban-drainage-portal] [nio-8081-exec-6] o.s.web.servlet.DispatcherServlet        : Completed 200 OK
2026-09-18T09:03:13.041+05:30 DEBUG 2780 --- [urban-drainage-portal] [nio-8081-exec-3] o.s.web.servlet.DispatcherServlet        : GET "/api/complaints/stats", parameters={}
2026-09-18T09:03:13.042+05:30 DEBUG 2780 --- [urban-drainage-portal] [nio-8081-exec-3] s.w.s.m.m.a.RequestMappingHandlerMapping : Mapped to com.urbandrainage.portal.controller.ComplaintController#getStats()
2026-09-18T09:03:13.046+05:30 DEBUG 2780 --- [urban-drainage-portal] [nio-8081-exec-3] org.hibernate.SQL                        : select count(*) from drainage_complaints dc1_0
2026-09-18T09:03:13.886+05:30 DEBUG 2780 --- [urban-drainage-portal] [nio-8081-exec-3] org.hibernate.SQL                        : select count(dc1_0.id) from drainage_complaints dc1_0 where dc1_0.status=?
2026-09-18T09:03:14.180+05:30 DEBUG 2780 --- [urban-drainage-portal] [nio-8081-exec-3] org.hibernate.SQL                        : select count(dc1_0.id) from drainage_complaints dc1_0 where dc1_0.status=?
2026-09-18T09:03:14.547+05:30 DEBUG 2780 --- [urban-drainage-portal] [nio-8081-exec-3] org.hibernate.SQL                        : select count(dc1_0.id) from drainage_complaints dc1_0 where dc1_0.status=?
2026-09-18T09:03:14.835+05:30 DEBUG 2780 --- [urban-drainage-portal] [nio-8081-exec-3] org.hibernate.SQL                        : select count(dc1_0.id) from drainage_complaints dc1_0 where dc1_0.status=?
2026-09-18T09:03:15.114+05:30 DEBUG 2780 --- [urban-drainage-portal] [nio-8081-exec-3] org.hibernate.SQL                        : select count(dc1_0.id) from drainage_complaints dc1_0 where dc1_0.status=?
2026-09-18T09:03:15.464+05:30 DEBUG 2780 --- [urban-drainage-portal] [nio-8081-exec-3] org.hibernate.SQL                        : select count(dc1_0.id) from drainage_complaints dc1_0 where dc1_0.status=?
2026-09-18T09:03:15.749+05:30 DEBUG 2780 --- [urban-drainage-portal] [nio-8081-exec-3] org.hibernate.SQL                        : select count(dc1_0.id) from drainage_complaints dc1_0 where dc1_0.priority=?
2026-09-18T09:03:16.034+05:30 DEBUG 2780 --- [urban-drainage-portal] [nio-8081-exec-3] org.hibernate.SQL                        : select count(dc1_0.id) from drainage_complaints dc1_0 where dc1_0.priority=?
2026-09-18T09:03:16.330+05:30 DEBUG 2780 --- [urban-drainage-portal] [nio-8081-exec-3] org.hibernate.SQL                        : select count(*) from drainage_infrastructure di1_0
2026-09-18T09:03:16.944+05:30 DEBUG 2780 --- [urban-drainage-portal] [nio-8081-exec-3] o.s.w.s.m.m.a.HttpEntityMethodProcessor  : Using 'application/json', given [*/*] and supported [application/json, application/*+json]
2026-09-18T09:03:16.965+05:30 DEBUG 2780 --- [urban-drainage-portal] [nio-8081-exec-3] o.s.w.s.m.m.a.HttpEntityMethodProcessor  : Writing [DashboardStatsDTO[totalComplaints=5, submitted=1, underReview=1, assigned=1, inProgress=1, resolved= (truncated)...]
2026-09-18T09:03:16.969+05:30 DEBUG 2780 --- [urban-drainage-portal] [nio-8081-exec-3] o.s.web.servlet.DispatcherServlet        : Completed 200 OK
2026-09-18T09:05:07.647+05:30 DEBUG 2780 --- [urban-drainage-portal] [nio-8081-exec-5] o.s.web.servlet.DispatcherServlet        : GET "/api/drainage/infrastructure", parameters={}
2026-09-18T09:05:07.647+05:30 DEBUG 2780 --- [urban-drainage-portal] [nio-8081-exec-9] o.s.web.servlet.DispatcherServlet        : GET "/api/complaints/stats", parameters={}
2026-09-18T09:05:07.647+05:30 DEBUG 2780 --- [urban-drainage-portal] [nio-8081-exec-8] o.s.web.servlet.DispatcherServlet        : GET "/api/users/staff", parameters={}
2026-09-18T09:05:07.647+05:30 DEBUG 2780 --- [urban-drainage-portal] [io-8081-exec-10] o.s.web.servlet.DispatcherServlet        : GET "/api/notifications/user/2", parameters={}
2026-09-18T09:05:07.647+05:30 DEBUG 2780 --- [urban-drainage-portal] [nio-8081-exec-4] o.s.web.servlet.DispatcherServlet        : GET "/api/complaints", parameters={}
2026-09-18T09:05:07.697+05:30 DEBUG 2780 --- [urban-drainage-portal] [nio-8081-exec-4] s.w.s.m.m.a.RequestMappingHandlerMapping : Mapped to com.urbandrainage.portal.controller.ComplaintController#getAllComplaints()
2026-09-18T09:05:07.697+05:30 DEBUG 2780 --- [urban-drainage-portal] [nio-8081-exec-5] s.w.s.m.m.a.RequestMappingHandlerMapping : Mapped to com.urbandrainage.portal.controller.InfrastructureController#getAllInfrastructure()
2026-09-18T09:05:07.697+05:30 DEBUG 2780 --- [urban-drainage-portal] [nio-8081-exec-8] s.w.s.m.m.a.RequestMappingHandlerMapping : Mapped to com.urbandrainage.portal.controller.UserController#getStaffMembers()
2026-09-18T09:05:07.697+05:30 DEBUG 2780 --- [urban-drainage-portal] [nio-8081-exec-9] s.w.s.m.m.a.RequestMappingHandlerMapping : Mapped to com.urbandrainage.portal.controller.ComplaintController#getStats()
2026-09-18T09:05:07.701+05:30 DEBUG 2780 --- [urban-drainage-portal] [io-8081-exec-10] s.w.s.m.m.a.RequestMappingHandlerMapping : Mapped to com.urbandrainage.portal.controller.NotificationController#getUserNotifications(Long)
2026-09-18T09:05:07.807+05:30 DEBUG 2780 --- [urban-drainage-portal] [io-8081-exec-10] org.hibernate.SQL                        : select n1_0.id,n1_0.created_at,n1_0.is_read,n1_0.message,n1_0.title,n1_0.type,n1_0.user_id from notifications n1_0 where n1_0.user_id=? order by n1_0.created_at desc
2026-09-18T09:05:07.807+05:30 DEBUG 2780 --- [urban-drainage-portal] [nio-8081-exec-8] org.hibernate.SQL                        : select u1_0.id,u1_0.created_at,u1_0.department,u1_0.email,u1_0.name,u1_0.phone,u1_0.role from users u1_0 where u1_0.role=?
2026-09-18T09:05:07.807+05:30 DEBUG 2780 --- [urban-drainage-portal] [nio-8081-exec-4] org.hibernate.SQL                        : select dc1_0.id,dc1_0.address,dc1_0.assigned_staff_id,dc1_0.assigned_staff_name,dc1_0.created_at,dc1_0.description,dc1_0.feedback,dc1_0.feedback_submitted_at,dc1_0.inspection_notes,dc1_0.issue_type,dc1_0.latitude,dc1_0.longitude,dc1_0.maintenance_notes,dc1_0.photo_url,dc1_0.priority,dc1_0.rating,dc1_0.status,dc1_0.updated_at,dc1_0.user_id,dc1_0.user_name from drainage_complaints dc1_0 order by dc1_0.created_at desc
2026-09-18T09:05:08.049+05:30 DEBUG 2780 --- [urban-drainage-portal] [nio-8081-exec-9] org.hibernate.SQL                        : select count(*) from drainage_complaints dc1_0
2026-09-18T09:05:08.066+05:30 DEBUG 2780 --- [urban-drainage-portal] [nio-8081-exec-5] org.hibernate.SQL                        : select di1_0.id,di1_0.address,di1_0.created_at,di1_0.description,di1_0.latitude,di1_0.longitude,di1_0.name,di1_0.status,di1_0.type,di1_0.updated_at from drainage_infrastructure di1_0
2026-09-18T09:05:08.426+05:30 DEBUG 2780 --- [urban-drainage-portal] [io-8081-exec-10] o.s.w.s.m.m.a.HttpEntityMethodProcessor  : Using 'application/json', given [*/*] and supported [application/json, application/*+json]
2026-09-18T09:05:08.428+05:30 DEBUG 2780 --- [urban-drainage-portal] [nio-8081-exec-8] o.s.w.s.m.m.a.HttpEntityMethodProcessor  : Using 'application/json', given [*/*] and supported [application/json, application/*+json]
2026-09-18T09:05:08.429+05:30 DEBUG 2780 --- [urban-drainage-portal] [nio-8081-exec-8] o.s.w.s.m.m.a.HttpEntityMethodProcessor  : Writing [[com.urbandrainage.portal.entity.User@338cd3c5, com.urbandrainage.portal.entity.User@55591037]]
2026-09-18T09:05:08.429+05:30 DEBUG 2780 --- [urban-drainage-portal] [io-8081-exec-10] o.s.w.s.m.m.a.HttpEntityMethodProcessor  : Writing [[]]
2026-09-18T09:05:08.430+05:30 DEBUG 2780 --- [urban-drainage-portal] [nio-8081-exec-4] o.s.w.s.m.m.a.HttpEntityMethodProcessor  : Using 'application/json', given [*/*] and supported [application/json, application/*+json]
2026-09-18T09:05:08.430+05:30 DEBUG 2780 --- [urban-drainage-portal] [nio-8081-exec-4] o.s.w.s.m.m.a.HttpEntityMethodProcessor  : Writing [[com.urbandrainage.portal.entity.DrainageComplaint@493b16c9, com.urbandrainage.portal.entity.Drainag (truncated)...]
2026-09-18T09:05:08.441+05:30 DEBUG 2780 --- [urban-drainage-portal] [io-8081-exec-10] o.s.web.servlet.DispatcherServlet        : Completed 200 OK
2026-09-18T09:05:08.441+05:30 DEBUG 2780 --- [urban-drainage-portal] [nio-8081-exec-4] o.s.web.servlet.DispatcherServlet        : Completed 200 OK
2026-09-18T09:05:08.443+05:30 DEBUG 2780 --- [urban-drainage-portal] [nio-8081-exec-8] o.s.web.servlet.DispatcherServlet        : Completed 200 OK
2026-09-18T09:05:08.691+05:30 DEBUG 2780 --- [urban-drainage-portal] [nio-8081-exec-9] org.hibernate.SQL                        : select count(dc1_0.id) from drainage_complaints dc1_0 where dc1_0.status=?
2026-09-18T09:05:08.693+05:30 DEBUG 2780 --- [urban-drainage-portal] [nio-8081-exec-5] o.s.w.s.m.m.a.HttpEntityMethodProcessor  : Using 'application/json', given [*/*] and supported [application/json, application/*+json]
2026-09-18T09:05:08.694+05:30 DEBUG 2780 --- [urban-drainage-portal] [nio-8081-exec-5] o.s.w.s.m.m.a.HttpEntityMethodProcessor  : Writing [[com.urbandrainage.portal.entity.DrainageInfrastructure@3e6c5b0a, com.urbandrainage.portal.entity.Dr (truncated)...]
2026-09-18T09:05:08.697+05:30 DEBUG 2780 --- [urban-drainage-portal] [nio-8081-exec-5] o.s.web.servlet.DispatcherServlet        : Completed 200 OK
2026-09-18T09:05:08.990+05:30 DEBUG 2780 --- [urban-drainage-portal] [nio-8081-exec-9] org.hibernate.SQL                        : select count(dc1_0.id) from drainage_complaints dc1_0 where dc1_0.status=?
2026-09-18T09:05:09.289+05:30 DEBUG 2780 --- [urban-drainage-portal] [nio-8081-exec-9] org.hibernate.SQL                        : select count(dc1_0.id) from drainage_complaints dc1_0 where dc1_0.status=?
2026-09-18T09:05:09.485+05:30 DEBUG 2780 --- [urban-drainage-portal] [nio-8081-exec-7] o.s.web.servlet.DispatcherServlet        : GET "/api/complaints", parameters={}
2026-09-18T09:05:09.485+05:30 DEBUG 2780 --- [urban-drainage-portal] [nio-8081-exec-2] o.s.web.servlet.DispatcherServlet        : GET "/api/notifications/user/4", parameters={}
2026-09-18T09:05:09.486+05:30 DEBUG 2780 --- [urban-drainage-portal] [nio-8081-exec-1] o.s.web.servlet.DispatcherServlet        : GET "/api/users/staff", parameters={}
2026-09-18T09:05:09.486+05:30 DEBUG 2780 --- [urban-drainage-portal] [nio-8081-exec-7] s.w.s.m.m.a.RequestMappingHandlerMapping : Mapped to com.urbandrainage.portal.controller.ComplaintController#getAllComplaints()
2026-09-18T09:05:09.486+05:30 DEBUG 2780 --- [urban-drainage-portal] [nio-8081-exec-6] o.s.web.servlet.DispatcherServlet        : GET "/api/drainage/infrastructure", parameters={}
2026-09-18T09:05:09.486+05:30 DEBUG 2780 --- [urban-drainage-portal] [nio-8081-exec-2] s.w.s.m.m.a.RequestMappingHandlerMapping : Mapped to com.urbandrainage.portal.controller.NotificationController#getUserNotifications(Long)
2026-09-18T09:05:09.486+05:30 DEBUG 2780 --- [urban-drainage-portal] [nio-8081-exec-1] s.w.s.m.m.a.RequestMappingHandlerMapping : Mapped to com.urbandrainage.portal.controller.UserController#getStaffMembers()
2026-09-18T09:05:09.487+05:30 DEBUG 2780 --- [urban-drainage-portal] [nio-8081-exec-6] s.w.s.m.m.a.RequestMappingHandlerMapping : Mapped to com.urbandrainage.portal.controller.InfrastructureController#getAllInfrastructure()
2026-09-18T09:05:09.491+05:30 DEBUG 2780 --- [urban-drainage-portal] [nio-8081-exec-2] org.hibernate.SQL                        : select n1_0.id,n1_0.created_at,n1_0.is_read,n1_0.message,n1_0.title,n1_0.type,n1_0.user_id from notifications n1_0 where n1_0.user_id=? order by n1_0.created_at desc
2026-09-18T09:05:09.491+05:30 DEBUG 2780 --- [urban-drainage-portal] [nio-8081-exec-1] org.hibernate.SQL                        : select u1_0.id,u1_0.created_at,u1_0.department,u1_0.email,u1_0.name,u1_0.phone,u1_0.role from users u1_0 where u1_0.role=?
2026-09-18T09:05:09.491+05:30 DEBUG 2780 --- [urban-drainage-portal] [nio-8081-exec-7] org.hibernate.SQL                        : select dc1_0.id,dc1_0.address,dc1_0.assigned_staff_id,dc1_0.assigned_staff_name,dc1_0.created_at,dc1_0.description,dc1_0.feedback,dc1_0.feedback_submitted_at,dc1_0.inspection_notes,dc1_0.issue_type,dc1_0.latitude,dc1_0.longitude,dc1_0.maintenance_notes,dc1_0.photo_url,dc1_0.priority,dc1_0.rating,dc1_0.status,dc1_0.updated_at,dc1_0.user_id,dc1_0.user_name from drainage_complaints dc1_0 order by dc1_0.created_at desc
2026-09-18T09:05:09.913+05:30 DEBUG 2780 --- [urban-drainage-portal] [nio-8081-exec-6] org.hibernate.SQL                        : select di1_0.id,di1_0.address,di1_0.created_at,di1_0.description,di1_0.latitude,di1_0.longitude,di1_0.name,di1_0.status,di1_0.type,di1_0.updated_at from drainage_infrastructure di1_0
2026-09-18T09:05:10.220+05:30 DEBUG 2780 --- [urban-drainage-portal] [nio-8081-exec-9] org.hibernate.SQL                        : select count(dc1_0.id) from drainage_complaints dc1_0 where dc1_0.status=?
2026-09-18T09:05:10.239+05:30 DEBUG 2780 --- [urban-drainage-portal] [nio-8081-exec-2] o.s.w.s.m.m.a.HttpEntityMethodProcessor  : Using 'application/json', given [*/*] and supported [application/json, application/*+json]
2026-09-18T09:05:10.239+05:30 DEBUG 2780 --- [urban-drainage-portal] [nio-8081-exec-2] o.s.w.s.m.m.a.HttpEntityMethodProcessor  : Writing [[]]
2026-09-18T09:05:10.240+05:30 DEBUG 2780 --- [urban-drainage-portal] [nio-8081-exec-1] o.s.w.s.m.m.a.HttpEntityMethodProcessor  : Using 'application/json', given [*/*] and supported [application/json, application/*+json]
2026-09-18T09:05:10.241+05:30 DEBUG 2780 --- [urban-drainage-portal] [nio-8081-exec-1] o.s.w.s.m.m.a.HttpEntityMethodProcessor  : Writing [[com.urbandrainage.portal.entity.User@7e25eda2, com.urbandrainage.portal.entity.User@41db9d75]]
2026-09-18T09:05:10.241+05:30 DEBUG 2780 --- [urban-drainage-portal] [nio-8081-exec-7] o.s.w.s.m.m.a.HttpEntityMethodProcessor  : Using 'application/json', given [*/*] and supported [application/json, application/*+json]
2026-09-18T09:05:10.241+05:30 DEBUG 2780 --- [urban-drainage-portal] [nio-8081-exec-2] o.s.web.servlet.DispatcherServlet        : Completed 200 OK
2026-09-18T09:05:10.241+05:30 DEBUG 2780 --- [urban-drainage-portal] [nio-8081-exec-7] o.s.w.s.m.m.a.HttpEntityMethodProcessor  : Writing [[com.urbandrainage.portal.entity.DrainageComplaint@5c0f5d19, com.urbandrainage.portal.entity.Drainag (truncated)...]
2026-09-18T09:05:10.243+05:30 DEBUG 2780 --- [urban-drainage-portal] [nio-8081-exec-1] o.s.web.servlet.DispatcherServlet        : Completed 200 OK
2026-09-18T09:05:10.245+05:30 DEBUG 2780 --- [urban-drainage-portal] [nio-8081-exec-7] o.s.web.servlet.DispatcherServlet        : Completed 200 OK
2026-09-18T09:05:10.540+05:30 DEBUG 2780 --- [urban-drainage-portal] [nio-8081-exec-6] o.s.w.s.m.m.a.HttpEntityMethodProcessor  : Using 'application/json', given [*/*] and supported [application/json, application/*+json]
2026-09-18T09:05:10.540+05:30 DEBUG 2780 --- [urban-drainage-portal] [nio-8081-exec-6] o.s.w.s.m.m.a.HttpEntityMethodProcessor  : Writing [[com.urbandrainage.portal.entity.DrainageInfrastructure@41a8d352, com.urbandrainage.portal.entity.Dr (truncated)...]
2026-09-18T09:05:10.541+05:30 DEBUG 2780 --- [urban-drainage-portal] [nio-8081-exec-9] org.hibernate.SQL                        : select count(dc1_0.id) from drainage_complaints dc1_0 where dc1_0.status=?
2026-09-18T09:05:10.555+05:30 DEBUG 2780 --- [urban-drainage-portal] [nio-8081-exec-6] o.s.web.servlet.DispatcherServlet        : Completed 200 OK
2026-09-18T09:05:10.892+05:30 DEBUG 2780 --- [urban-drainage-portal] [nio-8081-exec-9] org.hibernate.SQL                        : select count(dc1_0.id) from drainage_complaints dc1_0 where dc1_0.status=?
2026-09-18T09:05:11.204+05:30 DEBUG 2780 --- [urban-drainage-portal] [nio-8081-exec-9] org.hibernate.SQL                        : select count(dc1_0.id) from drainage_complaints dc1_0 where dc1_0.priority=?
2026-09-18T09:05:11.287+05:30 DEBUG 2780 --- [urban-drainage-portal] [nio-8081-exec-3] o.s.web.servlet.DispatcherServlet        : GET "/api/complaints", parameters={}
2026-09-18T09:05:11.287+05:30 DEBUG 2780 --- [urban-drainage-portal] [io-8081-exec-10] o.s.web.servlet.DispatcherServlet        : GET "/api/users/staff", parameters={}
2026-09-18T09:05:11.287+05:30 DEBUG 2780 --- [urban-drainage-portal] [nio-8081-exec-4] o.s.web.servlet.DispatcherServlet        : GET "/api/notifications/user/1", parameters={}
2026-09-18T09:05:11.287+05:30 DEBUG 2780 --- [urban-drainage-portal] [nio-8081-exec-8] o.s.web.servlet.DispatcherServlet        : GET "/api/drainage/infrastructure", parameters={}
2026-09-18T09:05:11.288+05:30 DEBUG 2780 --- [urban-drainage-portal] [io-8081-exec-10] s.w.s.m.m.a.RequestMappingHandlerMapping : Mapped to com.urbandrainage.portal.controller.UserController#getStaffMembers()
2026-09-18T09:05:11.288+05:30 DEBUG 2780 --- [urban-drainage-portal] [nio-8081-exec-3] s.w.s.m.m.a.RequestMappingHandlerMapping : Mapped to com.urbandrainage.portal.controller.ComplaintController#getAllComplaints()
2026-09-18T09:05:11.288+05:30 DEBUG 2780 --- [urban-drainage-portal] [nio-8081-exec-8] s.w.s.m.m.a.RequestMappingHandlerMapping : Mapped to com.urbandrainage.portal.controller.InfrastructureController#getAllInfrastructure()
2026-09-18T09:05:11.288+05:30 DEBUG 2780 --- [urban-drainage-portal] [nio-8081-exec-4] s.w.s.m.m.a.RequestMappingHandlerMapping : Mapped to com.urbandrainage.portal.controller.NotificationController#getUserNotifications(Long)
2026-09-18T09:05:11.294+05:30 DEBUG 2780 --- [urban-drainage-portal] [io-8081-exec-10] org.hibernate.SQL                        : select u1_0.id,u1_0.created_at,u1_0.department,u1_0.email,u1_0.name,u1_0.phone,u1_0.role from users u1_0 where u1_0.role=?
2026-09-18T09:05:11.294+05:30 DEBUG 2780 --- [urban-drainage-portal] [nio-8081-exec-4] org.hibernate.SQL                        : select n1_0.id,n1_0.created_at,n1_0.is_read,n1_0.message,n1_0.title,n1_0.type,n1_0.user_id from notifications n1_0 where n1_0.user_id=? order by n1_0.created_at desc
2026-09-18T09:05:11.295+05:30 DEBUG 2780 --- [urban-drainage-portal] [nio-8081-exec-3] org.hibernate.SQL                        : select dc1_0.id,dc1_0.address,dc1_0.assigned_staff_id,dc1_0.assigned_staff_name,dc1_0.created_at,dc1_0.description,dc1_0.feedback,dc1_0.feedback_submitted_at,dc1_0.inspection_notes,dc1_0.issue_type,dc1_0.latitude,dc1_0.longitude,dc1_0.maintenance_notes,dc1_0.photo_url,dc1_0.priority,dc1_0.rating,dc1_0.status,dc1_0.updated_at,dc1_0.user_id,dc1_0.user_name from drainage_complaints dc1_0 order by dc1_0.created_at desc
2026-09-18T09:05:11.473+05:30 DEBUG 2780 --- [urban-drainage-portal] [nio-8081-exec-9] org.hibernate.SQL                        : select count(dc1_0.id) from drainage_complaints dc1_0 where dc1_0.priority=?
2026-09-18T09:05:11.568+05:30 DEBUG 2780 --- [urban-drainage-portal] [nio-8081-exec-8] org.hibernate.SQL                        : select di1_0.id,di1_0.address,di1_0.created_at,di1_0.description,di1_0.latitude,di1_0.longitude,di1_0.name,di1_0.status,di1_0.type,di1_0.updated_at from drainage_infrastructure di1_0
2026-09-18T09:05:11.772+05:30 DEBUG 2780 --- [urban-drainage-portal] [nio-8081-exec-9] org.hibernate.SQL                        : select count(*) from drainage_infrastructure di1_0
2026-09-18T09:05:11.839+05:30 DEBUG 2780 --- [urban-drainage-portal] [nio-8081-exec-4] o.s.w.s.m.m.a.HttpEntityMethodProcessor  : Using 'application/json', given [*/*] and supported [application/json, application/*+json]
2026-09-18T09:05:11.840+05:30 DEBUG 2780 --- [urban-drainage-portal] [nio-8081-exec-4] o.s.w.s.m.m.a.HttpEntityMethodProcessor  : Writing [[com.urbandrainage.portal.entity.Notification@6bfb67f7, com.urbandrainage.portal.entity.Notification (truncated)...]
2026-09-18T09:05:11.841+05:30 DEBUG 2780 --- [urban-drainage-portal] [nio-8081-exec-3] o.s.w.s.m.m.a.HttpEntityMethodProcessor  : Using 'application/json', given [*/*] and supported [application/json, application/*+json]
2026-09-18T09:05:11.841+05:30 DEBUG 2780 --- [urban-drainage-portal] [nio-8081-exec-3] o.s.w.s.m.m.a.HttpEntityMethodProcessor  : Writing [[com.urbandrainage.portal.entity.DrainageComplaint@766607f8, com.urbandrainage.portal.entity.Drainag (truncated)...]
2026-09-18T09:05:11.843+05:30 DEBUG 2780 --- [urban-drainage-portal] [nio-8081-exec-4] o.s.web.servlet.DispatcherServlet        : Completed 200 OK
2026-09-18T09:05:11.845+05:30 DEBUG 2780 --- [urban-drainage-portal] [nio-8081-exec-3] o.s.web.servlet.DispatcherServlet        : Completed 200 OK
2026-09-18T09:05:11.855+05:30 DEBUG 2780 --- [urban-drainage-portal] [io-8081-exec-10] o.s.w.s.m.m.a.HttpEntityMethodProcessor  : Using 'application/json', given [*/*] and supported [application/json, application/*+json]
2026-09-18T09:05:11.856+05:30 DEBUG 2780 --- [urban-drainage-portal] [io-8081-exec-10] o.s.w.s.m.m.a.HttpEntityMethodProcessor  : Writing [[com.urbandrainage.portal.entity.User@1a759fe9, com.urbandrainage.portal.entity.User@5c3de41c]]
2026-09-18T09:05:11.858+05:30 DEBUG 2780 --- [urban-drainage-portal] [io-8081-exec-10] o.s.web.servlet.DispatcherServlet        : Completed 200 OK
2026-09-18T09:05:12.141+05:30 DEBUG 2780 --- [urban-drainage-portal] [nio-8081-exec-8] o.s.w.s.m.m.a.HttpEntityMethodProcessor  : Using 'application/json', given [*/*] and supported [application/json, application/*+json]
2026-09-18T09:05:12.142+05:30 DEBUG 2780 --- [urban-drainage-portal] [nio-8081-exec-8] o.s.w.s.m.m.a.HttpEntityMethodProcessor  : Writing [[com.urbandrainage.portal.entity.DrainageInfrastructure@59a68f4d, com.urbandrainage.portal.entity.Dr (truncated)...]
2026-09-18T09:05:12.147+05:30 DEBUG 2780 --- [urban-drainage-portal] [nio-8081-exec-8] o.s.web.servlet.DispatcherServlet        : Completed 200 OK
2026-09-18T09:05:12.378+05:30 DEBUG 2780 --- [urban-drainage-portal] [nio-8081-exec-9] o.s.w.s.m.m.a.HttpEntityMethodProcessor  : Using 'application/json', given [*/*] and supported [application/json, application/*+json]
2026-09-18T09:05:12.380+05:30 DEBUG 2780 --- [urban-drainage-portal] [nio-8081-exec-9] o.s.w.s.m.m.a.HttpEntityMethodProcessor  : Writing [DashboardStatsDTO[totalComplaints=5, submitted=1, underReview=1, assigned=1, inProgress=1, resolved= (truncated)...]
2026-09-18T09:05:12.383+05:30 DEBUG 2780 --- [urban-drainage-portal] [nio-8081-exec-9] o.s.web.servlet.DispatcherServlet        : Completed 200 OK
2026-09-18T09:05:12.412+05:30 DEBUG 2780 --- [urban-drainage-portal] [nio-8081-exec-5] o.s.web.servlet.DispatcherServlet        : GET "/api/complaints/stats", parameters={}
2026-09-18T09:05:12.413+05:30 DEBUG 2780 --- [urban-drainage-portal] [nio-8081-exec-5] s.w.s.m.m.a.RequestMappingHandlerMapping : Mapped to com.urbandrainage.portal.controller.ComplaintController#getStats()
2026-09-18T09:05:12.502+05:30 DEBUG 2780 --- [urban-drainage-portal] [nio-8081-exec-1] o.s.web.servlet.DispatcherServlet        : GET "/api/complaints", parameters={}
2026-09-18T09:05:12.503+05:30 DEBUG 2780 --- [urban-drainage-portal] [nio-8081-exec-1] s.w.s.m.m.a.RequestMappingHandlerMapping : Mapped to com.urbandrainage.portal.controller.ComplaintController#getAllComplaints()
2026-09-18T09:05:12.508+05:30 DEBUG 2780 --- [urban-drainage-portal] [nio-8081-exec-1] org.hibernate.SQL                        : select dc1_0.id,dc1_0.address,dc1_0.assigned_staff_id,dc1_0.assigned_staff_name,dc1_0.created_at,dc1_0.description,dc1_0.feedback,dc1_0.feedback_submitted_at,dc1_0.inspection_notes,dc1_0.issue_type,dc1_0.latitude,dc1_0.longitude,dc1_0.maintenance_notes,dc1_0.photo_url,dc1_0.priority,dc1_0.rating,dc1_0.status,dc1_0.updated_at,dc1_0.user_id,dc1_0.user_name from drainage_complaints dc1_0 order by dc1_0.created_at desc
2026-09-18T09:05:12.617+05:30 DEBUG 2780 --- [urban-drainage-portal] [nio-8081-exec-2] o.s.web.servlet.DispatcherServlet        : GET "/api/drainage/infrastructure", parameters={}
2026-09-18T09:05:12.617+05:30 DEBUG 2780 --- [urban-drainage-portal] [nio-8081-exec-6] o.s.web.servlet.DispatcherServlet        : GET "/api/notifications/user/2", parameters={}
2026-09-18T09:05:12.617+05:30 DEBUG 2780 --- [urban-drainage-portal] [nio-8081-exec-7] o.s.web.servlet.DispatcherServlet        : GET "/api/users/staff", parameters={}
2026-09-18T09:05:12.618+05:30 DEBUG 2780 --- [urban-drainage-portal] [nio-8081-exec-2] s.w.s.m.m.a.RequestMappingHandlerMapping : Mapped to com.urbandrainage.portal.controller.InfrastructureController#getAllInfrastructure()
2026-09-18T09:05:12.618+05:30 DEBUG 2780 --- [urban-drainage-portal] [nio-8081-exec-7] s.w.s.m.m.a.RequestMappingHandlerMapping : Mapped to com.urbandrainage.portal.controller.UserController#getStaffMembers()
2026-09-18T09:05:12.618+05:30 DEBUG 2780 --- [urban-drainage-portal] [nio-8081-exec-6] s.w.s.m.m.a.RequestMappingHandlerMapping : Mapped to com.urbandrainage.portal.controller.NotificationController#getUserNotifications(Long)
2026-09-18T09:05:12.622+05:30 DEBUG 2780 --- [urban-drainage-portal] [nio-8081-exec-7] org.hibernate.SQL                        : select u1_0.id,u1_0.created_at,u1_0.department,u1_0.email,u1_0.name,u1_0.phone,u1_0.role from users u1_0 where u1_0.role=?
2026-09-18T09:05:12.622+05:30 DEBUG 2780 --- [urban-drainage-portal] [nio-8081-exec-6] org.hibernate.SQL                        : select n1_0.id,n1_0.created_at,n1_0.is_read,n1_0.message,n1_0.title,n1_0.type,n1_0.user_id from notifications n1_0 where n1_0.user_id=? order by n1_0.created_at desc
2026-09-18T09:05:12.640+05:30 DEBUG 2780 --- [urban-drainage-portal] [nio-8081-exec-2] org.hibernate.SQL                        : select di1_0.id,di1_0.address,di1_0.created_at,di1_0.description,di1_0.latitude,di1_0.longitude,di1_0.name,di1_0.status,di1_0.type,di1_0.updated_at from drainage_infrastructure di1_0
2026-09-18T09:05:12.728+05:30 DEBUG 2780 --- [urban-drainage-portal] [nio-8081-exec-5] org.hibernate.SQL                        : select count(*) from drainage_complaints dc1_0
2026-09-18T09:05:13.001+05:30 DEBUG 2780 --- [urban-drainage-portal] [nio-8081-exec-6] o.s.w.s.m.m.a.HttpEntityMethodProcessor  : Using 'application/json', given [*/*] and supported [application/json, application/*+json]
2026-09-18T09:05:13.002+05:30 DEBUG 2780 --- [urban-drainage-portal] [nio-8081-exec-6] o.s.w.s.m.m.a.HttpEntityMethodProcessor  : Writing [[]]
2026-09-18T09:05:13.027+05:30 DEBUG 2780 --- [urban-drainage-portal] [nio-8081-exec-6] o.s.web.servlet.DispatcherServlet        : Completed 200 OK
2026-09-18T09:05:13.363+05:30 DEBUG 2780 --- [urban-drainage-portal] [nio-8081-exec-2] o.s.w.s.m.m.a.HttpEntityMethodProcessor  : Using 'application/json', given [*/*] and supported [application/json, application/*+json]
2026-09-18T09:05:13.363+05:30 DEBUG 2780 --- [urban-drainage-portal] [nio-8081-exec-2] o.s.w.s.m.m.a.HttpEntityMethodProcessor  : Writing [[com.urbandrainage.portal.entity.DrainageInfrastructure@24124777, com.urbandrainage.portal.entity.Dr (truncated)...]
2026-09-18T09:05:13.364+05:30 DEBUG 2780 --- [urban-drainage-portal] [nio-8081-exec-7] o.s.w.s.m.m.a.HttpEntityMethodProcessor  : Using 'application/json', given [*/*] and supported [application/json, application/*+json]
2026-09-18T09:05:13.364+05:30 DEBUG 2780 --- [urban-drainage-portal] [nio-8081-exec-5] org.hibernate.SQL                        : select count(dc1_0.id) from drainage_complaints dc1_0 where dc1_0.status=?
2026-09-18T09:05:13.386+05:30 DEBUG 2780 --- [urban-drainage-portal] [nio-8081-exec-7] o.s.w.s.m.m.a.HttpEntityMethodProcessor  : Writing [[com.urbandrainage.portal.entity.User@1ff4e0cd, com.urbandrainage.portal.entity.User@16236e29]]
2026-09-18T09:05:13.457+05:30 DEBUG 2780 --- [urban-drainage-portal] [nio-8081-exec-7] o.s.web.servlet.DispatcherServlet        : Completed 200 OK
2026-09-18T09:05:13.492+05:30 DEBUG 2780 --- [urban-drainage-portal] [nio-8081-exec-2] o.s.web.servlet.DispatcherServlet        : Completed 200 OK
2026-09-18T09:05:13.689+05:30 DEBUG 2780 --- [urban-drainage-portal] [nio-8081-exec-5] org.hibernate.SQL                        : select count(dc1_0.id) from drainage_complaints dc1_0 where dc1_0.status=?
2026-09-18T09:05:13.665+05:30 DEBUG 2780 --- [urban-drainage-portal] [nio-8081-exec-1] o.s.w.s.m.m.a.HttpEntityMethodProcessor  : Using 'application/json', given [*/*] and supported [application/json, application/*+json]
2026-09-18T09:05:13.722+05:30 DEBUG 2780 --- [urban-drainage-portal] [nio-8081-exec-1] o.s.w.s.m.m.a.HttpEntityMethodProcessor  : Writing [[com.urbandrainage.portal.entity.DrainageComplaint@37195f61, com.urbandrainage.portal.entity.Drainag (truncated)...]
2026-09-18T09:05:13.826+05:30 DEBUG 2780 --- [urban-drainage-portal] [nio-8081-exec-1] o.s.web.servlet.DispatcherServlet        : Completed 200 OK
2026-09-18T09:05:14.077+05:30 DEBUG 2780 --- [urban-drainage-portal] [nio-8081-exec-5] org.hibernate.SQL                        : select count(dc1_0.id) from drainage_complaints dc1_0 where dc1_0.status=?
2026-09-18T09:05:14.550+05:30 DEBUG 2780 --- [urban-drainage-portal] [nio-8081-exec-4] o.s.web.servlet.DispatcherServlet        : GET "/api/complaints", parameters={}
2026-09-18T09:05:14.550+05:30 DEBUG 2780 --- [urban-drainage-portal] [nio-8081-exec-3] o.s.web.servlet.DispatcherServlet        : GET "/api/drainage/infrastructure", parameters={}
2026-09-18T09:05:14.551+05:30 DEBUG 2780 --- [urban-drainage-portal] [nio-8081-exec-4] s.w.s.m.m.a.RequestMappingHandlerMapping : Mapped to com.urbandrainage.portal.controller.ComplaintController#getAllComplaints()
2026-09-18T09:05:14.557+05:30 DEBUG 2780 --- [urban-drainage-portal] [nio-8081-exec-3] s.w.s.m.m.a.RequestMappingHandlerMapping : Mapped to com.urbandrainage.portal.controller.InfrastructureController#getAllInfrastructure()
2026-09-18T09:05:14.557+05:30 DEBUG 2780 --- [urban-drainage-portal] [io-8081-exec-10] o.s.web.servlet.DispatcherServlet        : GET "/api/users/staff", parameters={}
2026-09-18T09:05:14.558+05:30 DEBUG 2780 --- [urban-drainage-portal] [nio-8081-exec-5] org.hibernate.SQL                        : select count(dc1_0.id) from drainage_complaints dc1_0 where dc1_0.status=?
2026-09-18T09:05:14.558+05:30 DEBUG 2780 --- [urban-drainage-portal] [io-8081-exec-10] s.w.s.m.m.a.RequestMappingHandlerMapping : Mapped to com.urbandrainage.portal.controller.UserController#getStaffMembers()
2026-09-18T09:05:14.558+05:30 DEBUG 2780 --- [urban-drainage-portal] [nio-8081-exec-8] o.s.web.servlet.DispatcherServlet        : GET "/api/notifications/user/4", parameters={}
2026-09-18T09:05:14.559+05:30 DEBUG 2780 --- [urban-drainage-portal] [nio-8081-exec-8] s.w.s.m.m.a.RequestMappingHandlerMapping : Mapped to com.urbandrainage.portal.controller.NotificationController#getUserNotifications(Long)
2026-09-18T09:05:14.562+05:30 DEBUG 2780 --- [urban-drainage-portal] [io-8081-exec-10] org.hibernate.SQL                        : select u1_0.id,u1_0.created_at,u1_0.department,u1_0.email,u1_0.name,u1_0.phone,u1_0.role from users u1_0 where u1_0.role=?
2026-09-18T09:05:14.563+05:30 DEBUG 2780 --- [urban-drainage-portal] [nio-8081-exec-8] org.hibernate.SQL                        : select n1_0.id,n1_0.created_at,n1_0.is_read,n1_0.message,n1_0.title,n1_0.type,n1_0.user_id from notifications n1_0 where n1_0.user_id=? order by n1_0.created_at desc
2026-09-18T09:05:14.562+05:30 DEBUG 2780 --- [urban-drainage-portal] [nio-8081-exec-4] org.hibernate.SQL                        : select dc1_0.id,dc1_0.address,dc1_0.assigned_staff_id,dc1_0.assigned_staff_name,dc1_0.created_at,dc1_0.description,dc1_0.feedback,dc1_0.feedback_submitted_at,dc1_0.inspection_notes,dc1_0.issue_type,dc1_0.latitude,dc1_0.longitude,dc1_0.maintenance_notes,dc1_0.photo_url,dc1_0.priority,dc1_0.rating,dc1_0.status,dc1_0.updated_at,dc1_0.user_id,dc1_0.user_name from drainage_complaints dc1_0 order by dc1_0.created_at desc
2026-09-18T09:05:14.857+05:30 DEBUG 2780 --- [urban-drainage-portal] [nio-8081-exec-5] org.hibernate.SQL                        : select count(dc1_0.id) from drainage_complaints dc1_0 where dc1_0.status=?
2026-09-18T09:05:14.857+05:30 DEBUG 2780 --- [urban-drainage-portal] [nio-8081-exec-3] org.hibernate.SQL                        : select di1_0.id,di1_0.address,di1_0.created_at,di1_0.description,di1_0.latitude,di1_0.longitude,di1_0.name,di1_0.status,di1_0.type,di1_0.updated_at from drainage_infrastructure di1_0
2026-09-18T09:05:15.151+05:30 DEBUG 2780 --- [urban-drainage-portal] [nio-8081-exec-8] o.s.w.s.m.m.a.HttpEntityMethodProcessor  : Using 'application/json', given [*/*] and supported [application/json, application/*+json]
2026-09-18T09:05:15.152+05:30 DEBUG 2780 --- [urban-drainage-portal] [nio-8081-exec-8] o.s.w.s.m.m.a.HttpEntityMethodProcessor  : Writing [[]]
2026-09-18T09:05:15.152+05:30 DEBUG 2780 --- [urban-drainage-portal] [io-8081-exec-10] o.s.w.s.m.m.a.HttpEntityMethodProcessor  : Using 'application/json', given [*/*] and supported [application/json, application/*+json]
2026-09-18T09:05:15.153+05:30 DEBUG 2780 --- [urban-drainage-portal] [io-8081-exec-10] o.s.w.s.m.m.a.HttpEntityMethodProcessor  : Writing [[com.urbandrainage.portal.entity.User@5526fa1c, com.urbandrainage.portal.entity.User@493657bb]]
2026-09-18T09:05:15.153+05:30 DEBUG 2780 --- [urban-drainage-portal] [nio-8081-exec-5] org.hibernate.SQL                        : select count(dc1_0.id) from drainage_complaints dc1_0 where dc1_0.status=?
2026-09-18T09:05:15.154+05:30 DEBUG 2780 --- [urban-drainage-portal] [nio-8081-exec-4] o.s.w.s.m.m.a.HttpEntityMethodProcessor  : Using 'application/json', given [*/*] and supported [application/json, application/*+json]
2026-09-18T09:05:15.154+05:30 DEBUG 2780 --- [urban-drainage-portal] [nio-8081-exec-8] o.s.web.servlet.DispatcherServlet        : Completed 200 OK
2026-09-18T09:05:15.154+05:30 DEBUG 2780 --- [urban-drainage-portal] [nio-8081-exec-4] o.s.w.s.m.m.a.HttpEntityMethodProcessor  : Writing [[com.urbandrainage.portal.entity.DrainageComplaint@3b040f06, com.urbandrainage.portal.entity.Drainag (truncated)...]
2026-09-18T09:05:15.155+05:30 DEBUG 2780 --- [urban-drainage-portal] [io-8081-exec-10] o.s.web.servlet.DispatcherServlet        : Completed 200 OK
2026-09-18T09:05:15.156+05:30 DEBUG 2780 --- [urban-drainage-portal] [nio-8081-exec-4] o.s.web.servlet.DispatcherServlet        : Completed 200 OK
2026-09-18T09:05:15.426+05:30 DEBUG 2780 --- [urban-drainage-portal] [nio-8081-exec-3] o.s.w.s.m.m.a.HttpEntityMethodProcessor  : Using 'application/json', given [*/*] and supported [application/json, application/*+json]
2026-09-18T09:05:15.426+05:30 DEBUG 2780 --- [urban-drainage-portal] [nio-8081-exec-3] o.s.w.s.m.m.a.HttpEntityMethodProcessor  : Writing [[com.urbandrainage.portal.entity.DrainageInfrastructure@272e9d5a, com.urbandrainage.portal.entity.Dr (truncated)...]
2026-09-18T09:05:15.428+05:30 DEBUG 2780 --- [urban-drainage-portal] [nio-8081-exec-5] org.hibernate.SQL                        : select count(dc1_0.id) from drainage_complaints dc1_0 where dc1_0.priority=?
2026-09-18T09:05:15.430+05:30 DEBUG 2780 --- [urban-drainage-portal] [nio-8081-exec-3] o.s.web.servlet.DispatcherServlet        : Completed 200 OK
2026-09-18T09:05:15.762+05:30 DEBUG 2780 --- [urban-drainage-portal] [nio-8081-exec-5] org.hibernate.SQL                        : select count(dc1_0.id) from drainage_complaints dc1_0 where dc1_0.priority=?
2026-09-18T09:05:15.764+05:30 DEBUG 2780 --- [urban-drainage-portal] [nio-8081-exec-9] o.s.web.servlet.DispatcherServlet        : GET "/api/complaints", parameters={}
2026-09-18T09:05:15.765+05:30 DEBUG 2780 --- [urban-drainage-portal] [nio-8081-exec-6] o.s.web.servlet.DispatcherServlet        : GET "/api/drainage/infrastructure", parameters={}
2026-09-18T09:05:15.765+05:30 DEBUG 2780 --- [urban-drainage-portal] [nio-8081-exec-7] o.s.web.servlet.DispatcherServlet        : GET "/api/users/staff", parameters={}
2026-09-18T09:05:15.765+05:30 DEBUG 2780 --- [urban-drainage-portal] [nio-8081-exec-2] o.s.web.servlet.DispatcherServlet        : GET "/api/notifications/user/2", parameters={}
2026-09-18T09:05:15.765+05:30 DEBUG 2780 --- [urban-drainage-portal] [nio-8081-exec-9] s.w.s.m.m.a.RequestMappingHandlerMapping : Mapped to com.urbandrainage.portal.controller.ComplaintController#getAllComplaints()
2026-09-18T09:05:15.765+05:30 DEBUG 2780 --- [urban-drainage-portal] [nio-8081-exec-6] s.w.s.m.m.a.RequestMappingHandlerMapping : Mapped to com.urbandrainage.portal.controller.InfrastructureController#getAllInfrastructure()
2026-09-18T09:05:15.766+05:30 DEBUG 2780 --- [urban-drainage-portal] [nio-8081-exec-7] s.w.s.m.m.a.RequestMappingHandlerMapping : Mapped to com.urbandrainage.portal.controller.UserController#getStaffMembers()
2026-09-18T09:05:15.766+05:30 DEBUG 2780 --- [urban-drainage-portal] [nio-8081-exec-2] s.w.s.m.m.a.RequestMappingHandlerMapping : Mapped to com.urbandrainage.portal.controller.NotificationController#getUserNotifications(Long)
2026-09-18T09:05:15.770+05:30 DEBUG 2780 --- [urban-drainage-portal] [nio-8081-exec-7] org.hibernate.SQL                        : select u1_0.id,u1_0.created_at,u1_0.department,u1_0.email,u1_0.name,u1_0.phone,u1_0.role from users u1_0 where u1_0.role=?
2026-09-18T09:05:15.769+05:30 DEBUG 2780 --- [urban-drainage-portal] [nio-8081-exec-9] org.hibernate.SQL                        : select dc1_0.id,dc1_0.address,dc1_0.assigned_staff_id,dc1_0.assigned_staff_name,dc1_0.created_at,dc1_0.description,dc1_0.feedback,dc1_0.feedback_submitted_at,dc1_0.inspection_notes,dc1_0.issue_type,dc1_0.latitude,dc1_0.longitude,dc1_0.maintenance_notes,dc1_0.photo_url,dc1_0.priority,dc1_0.rating,dc1_0.status,dc1_0.updated_at,dc1_0.user_id,dc1_0.user_name from drainage_complaints dc1_0 order by dc1_0.created_at desc
2026-09-18T09:05:15.770+05:30 DEBUG 2780 --- [urban-drainage-portal] [nio-8081-exec-2] org.hibernate.SQL                        : select n1_0.id,n1_0.created_at,n1_0.is_read,n1_0.message,n1_0.title,n1_0.type,n1_0.user_id from notifications n1_0 where n1_0.user_id=? order by n1_0.created_at desc
2026-09-18T09:05:16.088+05:30 DEBUG 2780 --- [urban-drainage-portal] [nio-8081-exec-5] org.hibernate.SQL                        : select count(*) from drainage_infrastructure di1_0
2026-09-18T09:05:16.089+05:30 DEBUG 2780 --- [urban-drainage-portal] [nio-8081-exec-6] org.hibernate.SQL                        : select di1_0.id,di1_0.address,di1_0.created_at,di1_0.description,di1_0.latitude,di1_0.longitude,di1_0.name,di1_0.status,di1_0.type,di1_0.updated_at from drainage_infrastructure di1_0
2026-09-18T09:05:16.091+05:30 DEBUG 2780 --- [urban-drainage-portal] [nio-8081-exec-9] o.s.w.s.m.m.a.HttpEntityMethodProcessor  : Using 'application/json', given [*/*] and supported [application/json, application/*+json]
2026-09-18T09:05:16.092+05:30 DEBUG 2780 --- [urban-drainage-portal] [nio-8081-exec-9] o.s.w.s.m.m.a.HttpEntityMethodProcessor  : Writing [[com.urbandrainage.portal.entity.DrainageComplaint@6e9789cb, com.urbandrainage.portal.entity.Drainag (truncated)...]
2026-09-18T09:05:16.094+05:30 DEBUG 2780 --- [urban-drainage-portal] [nio-8081-exec-9] o.s.web.servlet.DispatcherServlet        : Completed 200 OK
2026-09-18T09:05:16.376+05:30 DEBUG 2780 --- [urban-drainage-portal] [nio-8081-exec-7] o.s.w.s.m.m.a.HttpEntityMethodProcessor  : Using 'application/json', given [*/*] and supported [application/json, application/*+json]
2026-09-18T09:05:16.377+05:30 DEBUG 2780 --- [urban-drainage-portal] [nio-8081-exec-7] o.s.w.s.m.m.a.HttpEntityMethodProcessor  : Writing [[com.urbandrainage.portal.entity.User@5cbbafc6, com.urbandrainage.portal.entity.User@6cbf21c8]]
2026-09-18T09:05:16.383+05:30 DEBUG 2780 --- [urban-drainage-portal] [nio-8081-exec-2] o.s.w.s.m.m.a.HttpEntityMethodProcessor  : Using 'application/json', given [*/*] and supported [application/json, application/*+json]
2026-09-18T09:05:16.383+05:30 DEBUG 2780 --- [urban-drainage-portal] [nio-8081-exec-2] o.s.w.s.m.m.a.HttpEntityMethodProcessor  : Writing [[]]
2026-09-18T09:05:16.386+05:30 DEBUG 2780 --- [urban-drainage-portal] [nio-8081-exec-2] o.s.web.servlet.DispatcherServlet        : Completed 200 OK
2026-09-18T09:05:16.389+05:30 DEBUG 2780 --- [urban-drainage-portal] [nio-8081-exec-7] o.s.web.servlet.DispatcherServlet        : Completed 200 OK
2026-09-18T09:05:16.626+05:30 DEBUG 2780 --- [urban-drainage-portal] [nio-8081-exec-1] o.s.web.servlet.DispatcherServlet        : GET "/api/complaints", parameters={}
2026-09-18T09:05:16.627+05:30 DEBUG 2780 --- [urban-drainage-portal] [nio-8081-exec-1] s.w.s.m.m.a.RequestMappingHandlerMapping : Mapped to com.urbandrainage.portal.controller.ComplaintController#getAllComplaints()
2026-09-18T09:05:16.631+05:30 DEBUG 2780 --- [urban-drainage-portal] [nio-8081-exec-8] o.s.web.servlet.DispatcherServlet        : GET "/api/users/staff", parameters={}
2026-09-18T09:05:16.632+05:30 DEBUG 2780 --- [urban-drainage-portal] [nio-8081-exec-1] org.hibernate.SQL                        : select dc1_0.id,dc1_0.address,dc1_0.assigned_staff_id,dc1_0.assigned_staff_name,dc1_0.created_at,dc1_0.description,dc1_0.feedback,dc1_0.feedback_submitted_at,dc1_0.inspection_notes,dc1_0.issue_type,dc1_0.latitude,dc1_0.longitude,dc1_0.maintenance_notes,dc1_0.photo_url,dc1_0.priority,dc1_0.rating,dc1_0.status,dc1_0.updated_at,dc1_0.user_id,dc1_0.user_name from drainage_complaints dc1_0 order by dc1_0.created_at desc
2026-09-18T09:05:16.632+05:30 DEBUG 2780 --- [urban-drainage-portal] [nio-8081-exec-8] s.w.s.m.m.a.RequestMappingHandlerMapping : Mapped to com.urbandrainage.portal.controller.UserController#getStaffMembers()
2026-09-18T09:05:16.632+05:30 DEBUG 2780 --- [urban-drainage-portal] [io-8081-exec-10] o.s.web.servlet.DispatcherServlet        : GET "/api/notifications/user/1", parameters={}
2026-09-18T09:05:16.634+05:30 DEBUG 2780 --- [urban-drainage-portal] [io-8081-exec-10] s.w.s.m.m.a.RequestMappingHandlerMapping : Mapped to com.urbandrainage.portal.controller.NotificationController#getUserNotifications(Long)
2026-09-18T09:05:16.636+05:30 DEBUG 2780 --- [urban-drainage-portal] [nio-8081-exec-8] org.hibernate.SQL                        : select u1_0.id,u1_0.created_at,u1_0.department,u1_0.email,u1_0.name,u1_0.phone,u1_0.role from users u1_0 where u1_0.role=?
2026-09-18T09:05:16.640+05:30 DEBUG 2780 --- [urban-drainage-portal] [io-8081-exec-10] org.hibernate.SQL                        : select n1_0.id,n1_0.created_at,n1_0.is_read,n1_0.message,n1_0.title,n1_0.type,n1_0.user_id from notifications n1_0 where n1_0.user_id=? order by n1_0.created_at desc
2026-09-18T09:05:16.678+05:30 DEBUG 2780 --- [urban-drainage-portal] [nio-8081-exec-5] o.s.w.s.m.m.a.HttpEntityMethodProcessor  : Using 'application/json', given [*/*] and supported [application/json, application/*+json]
2026-09-18T09:05:16.678+05:30 DEBUG 2780 --- [urban-drainage-portal] [nio-8081-exec-6] o.s.w.s.m.m.a.HttpEntityMethodProcessor  : Using 'application/json', given [*/*] and supported [application/json, application/*+json]
2026-09-18T09:05:16.678+05:30 DEBUG 2780 --- [urban-drainage-portal] [nio-8081-exec-5] o.s.w.s.m.m.a.HttpEntityMethodProcessor  : Writing [DashboardStatsDTO[totalComplaints=5, submitted=1, underReview=1, assigned=1, inProgress=1, resolved= (truncated)...]
2026-09-18T09:05:16.678+05:30 DEBUG 2780 --- [urban-drainage-portal] [nio-8081-exec-6] o.s.w.s.m.m.a.HttpEntityMethodProcessor  : Writing [[com.urbandrainage.portal.entity.DrainageInfrastructure@3c547377, com.urbandrainage.portal.entity.Dr (truncated)...]
2026-09-18T09:05:16.680+05:30 DEBUG 2780 --- [urban-drainage-portal] [nio-8081-exec-5] o.s.web.servlet.DispatcherServlet        : Completed 200 OK
2026-09-18T09:05:16.681+05:30 DEBUG 2780 --- [urban-drainage-portal] [nio-8081-exec-6] o.s.web.servlet.DispatcherServlet        : Completed 200 OK
2026-09-18T09:05:16.693+05:30 DEBUG 2780 --- [urban-drainage-portal] [nio-8081-exec-4] o.s.web.servlet.DispatcherServlet        : GET "/api/complaints/stats", parameters={}
2026-09-18T09:05:16.694+05:30 DEBUG 2780 --- [urban-drainage-portal] [nio-8081-exec-4] s.w.s.m.m.a.RequestMappingHandlerMapping : Mapped to com.urbandrainage.portal.controller.ComplaintController#getStats()
2026-09-18T09:05:16.696+05:30 DEBUG 2780 --- [urban-drainage-portal] [nio-8081-exec-4] org.hibernate.SQL                        : select count(*) from drainage_complaints dc1_0
2026-09-18T09:05:16.697+05:30 DEBUG 2780 --- [urban-drainage-portal] [nio-8081-exec-3] o.s.web.servlet.DispatcherServlet        : GET "/api/drainage/infrastructure", parameters={}
2026-09-18T09:05:16.697+05:30 DEBUG 2780 --- [urban-drainage-portal] [nio-8081-exec-3] s.w.s.m.m.a.RequestMappingHandlerMapping : Mapped to com.urbandrainage.portal.controller.InfrastructureController#getAllInfrastructure()
2026-09-18T09:05:16.701+05:30 DEBUG 2780 --- [urban-drainage-portal] [nio-8081-exec-3] org.hibernate.SQL                        : select di1_0.id,di1_0.address,di1_0.created_at,di1_0.description,di1_0.latitude,di1_0.longitude,di1_0.name,di1_0.status,di1_0.type,di1_0.updated_at from drainage_infrastructure di1_0
2026-09-18T09:05:17.095+05:30 DEBUG 2780 --- [urban-drainage-portal] [nio-8081-exec-8] o.s.w.s.m.m.a.HttpEntityMethodProcessor  : Using 'application/json', given [*/*] and supported [application/json, application/*+json]
2026-09-18T09:05:17.096+05:30 DEBUG 2780 --- [urban-drainage-portal] [nio-8081-exec-8] o.s.w.s.m.m.a.HttpEntityMethodProcessor  : Writing [[com.urbandrainage.portal.entity.User@25d5ea2e, com.urbandrainage.portal.entity.User@2bdd1550]]
2026-09-18T09:05:17.098+05:30 DEBUG 2780 --- [urban-drainage-portal] [nio-8081-exec-8] o.s.web.servlet.DispatcherServlet        : Completed 200 OK
2026-09-18T09:05:17.098+05:30 DEBUG 2780 --- [urban-drainage-portal] [io-8081-exec-10] o.s.w.s.m.m.a.HttpEntityMethodProcessor  : Using 'application/json', given [*/*] and supported [application/json, application/*+json]
2026-09-18T09:05:17.099+05:30 DEBUG 2780 --- [urban-drainage-portal] [io-8081-exec-10] o.s.w.s.m.m.a.HttpEntityMethodProcessor  : Writing [[com.urbandrainage.portal.entity.Notification@15052778, com.urbandrainage.portal.entity.Notification (truncated)...]
2026-09-18T09:05:17.108+05:30 DEBUG 2780 --- [urban-drainage-portal] [io-8081-exec-10] o.s.web.servlet.DispatcherServlet        : Completed 200 OK
2026-09-18T09:05:17.381+05:30 DEBUG 2780 --- [urban-drainage-portal] [nio-8081-exec-3] o.s.w.s.m.m.a.HttpEntityMethodProcessor  : Using 'application/json', given [*/*] and supported [application/json, application/*+json]
2026-09-18T09:05:17.381+05:30 DEBUG 2780 --- [urban-drainage-portal] [nio-8081-exec-3] o.s.w.s.m.m.a.HttpEntityMethodProcessor  : Writing [[com.urbandrainage.portal.entity.DrainageInfrastructure@75b007ed, com.urbandrainage.portal.entity.Dr (truncated)...]
2026-09-18T09:05:17.382+05:30 DEBUG 2780 --- [urban-drainage-portal] [nio-8081-exec-4] org.hibernate.SQL                        : select count(dc1_0.id) from drainage_complaints dc1_0 where dc1_0.status=?
2026-09-18T09:05:17.383+05:30 DEBUG 2780 --- [urban-drainage-portal] [nio-8081-exec-3] o.s.web.servlet.DispatcherServlet        : Completed 200 OK
2026-09-18T09:05:17.384+05:30 DEBUG 2780 --- [urban-drainage-portal] [nio-8081-exec-1] o.s.w.s.m.m.a.HttpEntityMethodProcessor  : Using 'application/json', given [*/*] and supported [application/json, application/*+json]
2026-09-18T09:05:17.385+05:30 DEBUG 2780 --- [urban-drainage-portal] [nio-8081-exec-1] o.s.w.s.m.m.a.HttpEntityMethodProcessor  : Writing [[com.urbandrainage.portal.entity.DrainageComplaint@5012c812, com.urbandrainage.portal.entity.Drainag (truncated)...]
2026-09-18T09:05:17.388+05:30 DEBUG 2780 --- [urban-drainage-portal] [nio-8081-exec-1] o.s.web.servlet.DispatcherServlet        : Completed 200 OK
2026-09-18T09:05:17.619+05:30 DEBUG 2780 --- [urban-drainage-portal] [nio-8081-exec-7] o.s.web.servlet.DispatcherServlet        : GET "/api/users/staff", parameters={}
2026-09-18T09:05:17.619+05:30 DEBUG 2780 --- [urban-drainage-portal] [nio-8081-exec-9] o.s.web.servlet.DispatcherServlet        : GET "/api/complaints", parameters={}
2026-09-18T09:05:17.619+05:30 DEBUG 2780 --- [urban-drainage-portal] [nio-8081-exec-2] o.s.web.servlet.DispatcherServlet        : GET "/api/drainage/infrastructure", parameters={}
2026-09-18T09:05:17.619+05:30 DEBUG 2780 --- [urban-drainage-portal] [nio-8081-exec-7] s.w.s.m.m.a.RequestMappingHandlerMapping : Mapped to com.urbandrainage.portal.controller.UserController#getStaffMembers()
2026-09-18T09:05:17.619+05:30 DEBUG 2780 --- [urban-drainage-portal] [nio-8081-exec-5] o.s.web.servlet.DispatcherServlet        : GET "/api/notifications/user/4", parameters={}
2026-09-18T09:05:17.619+05:30 DEBUG 2780 --- [urban-drainage-portal] [nio-8081-exec-9] s.w.s.m.m.a.RequestMappingHandlerMapping : Mapped to com.urbandrainage.portal.controller.ComplaintController#getAllComplaints()
2026-09-18T09:05:17.620+05:30 DEBUG 2780 --- [urban-drainage-portal] [nio-8081-exec-2] s.w.s.m.m.a.RequestMappingHandlerMapping : Mapped to com.urbandrainage.portal.controller.InfrastructureController#getAllInfrastructure()
2026-09-18T09:05:17.620+05:30 DEBUG 2780 --- [urban-drainage-portal] [nio-8081-exec-5] s.w.s.m.m.a.RequestMappingHandlerMapping : Mapped to com.urbandrainage.portal.controller.NotificationController#getUserNotifications(Long)
2026-09-18T09:05:17.706+05:30 DEBUG 2780 --- [urban-drainage-portal] [nio-8081-exec-9] org.hibernate.SQL                        : select dc1_0.id,dc1_0.address,dc1_0.assigned_staff_id,dc1_0.assigned_staff_name,dc1_0.created_at,dc1_0.description,dc1_0.feedback,dc1_0.feedback_submitted_at,dc1_0.inspection_notes,dc1_0.issue_type,dc1_0.latitude,dc1_0.longitude,dc1_0.maintenance_notes,dc1_0.photo_url,dc1_0.priority,dc1_0.rating,dc1_0.status,dc1_0.updated_at,dc1_0.user_id,dc1_0.user_name from drainage_complaints dc1_0 order by dc1_0.created_at desc
2026-09-18T09:05:17.708+05:30 DEBUG 2780 --- [urban-drainage-portal] [nio-8081-exec-5] org.hibernate.SQL                        : select n1_0.id,n1_0.created_at,n1_0.is_read,n1_0.message,n1_0.title,n1_0.type,n1_0.user_id from notifications n1_0 where n1_0.user_id=? order by n1_0.created_at desc
2026-09-18T09:05:17.709+05:30 DEBUG 2780 --- [urban-drainage-portal] [nio-8081-exec-4] org.hibernate.SQL                        : select count(dc1_0.id) from drainage_complaints dc1_0 where dc1_0.status=?
2026-09-18T09:05:17.710+05:30 DEBUG 2780 --- [urban-drainage-portal] [nio-8081-exec-7] org.hibernate.SQL                        : select u1_0.id,u1_0.created_at,u1_0.department,u1_0.email,u1_0.name,u1_0.phone,u1_0.role from users u1_0 where u1_0.role=?
2026-09-18T09:05:18.021+05:30 DEBUG 2780 --- [urban-drainage-portal] [nio-8081-exec-5] o.s.w.s.m.m.a.HttpEntityMethodProcessor  : Using 'application/json', given [*/*] and supported [application/json, application/*+json]
2026-09-18T09:05:18.022+05:30 DEBUG 2780 --- [urban-drainage-portal] [nio-8081-exec-5] o.s.w.s.m.m.a.HttpEntityMethodProcessor  : Writing [[]]
2026-09-18T09:05:18.022+05:30 DEBUG 2780 --- [urban-drainage-portal] [nio-8081-exec-4] org.hibernate.SQL                        : select count(dc1_0.id) from drainage_complaints dc1_0 where dc1_0.status=?
2026-09-18T09:05:18.023+05:30 DEBUG 2780 --- [urban-drainage-portal] [nio-8081-exec-2] org.hibernate.SQL                        : select di1_0.id,di1_0.address,di1_0.created_at,di1_0.description,di1_0.latitude,di1_0.longitude,di1_0.name,di1_0.status,di1_0.type,di1_0.updated_at from drainage_infrastructure di1_0
2026-09-18T09:05:18.024+05:30 DEBUG 2780 --- [urban-drainage-portal] [nio-8081-exec-5] o.s.web.servlet.DispatcherServlet        : Completed 200 OK
2026-09-18T09:05:18.288+05:30 DEBUG 2780 --- [urban-drainage-portal] [nio-8081-exec-7] o.s.w.s.m.m.a.HttpEntityMethodProcessor  : Using 'application/json', given [*/*] and supported [application/json, application/*+json]
2026-09-18T09:05:18.289+05:30 DEBUG 2780 --- [urban-drainage-portal] [nio-8081-exec-7] o.s.w.s.m.m.a.HttpEntityMethodProcessor  : Writing [[com.urbandrainage.portal.entity.User@56f1cef6, com.urbandrainage.portal.entity.User@3081ea20]]
2026-09-18T09:05:18.289+05:30 DEBUG 2780 --- [urban-drainage-portal] [nio-8081-exec-4] org.hibernate.SQL                        : select count(dc1_0.id) from drainage_complaints dc1_0 where dc1_0.status=?
2026-09-18T09:05:18.291+05:30 DEBUG 2780 --- [urban-drainage-portal] [nio-8081-exec-7] o.s.web.servlet.DispatcherServlet        : Completed 200 OK
2026-09-18T09:05:18.471+05:30 DEBUG 2780 --- [urban-drainage-portal] [nio-8081-exec-6] o.s.web.servlet.DispatcherServlet        : GET "/api/users/staff", parameters={}
2026-09-18T09:05:18.471+05:30 DEBUG 2780 --- [urban-drainage-portal] [nio-8081-exec-8] o.s.web.servlet.DispatcherServlet        : GET "/api/notifications/user/2", parameters={}
2026-09-18T09:05:18.472+05:30 DEBUG 2780 --- [urban-drainage-portal] [nio-8081-exec-6] s.w.s.m.m.a.RequestMappingHandlerMapping : Mapped to com.urbandrainage.portal.controller.UserController#getStaffMembers()
2026-09-18T09:05:18.472+05:30 DEBUG 2780 --- [urban-drainage-portal] [nio-8081-exec-8] s.w.s.m.m.a.RequestMappingHandlerMapping : Mapped to com.urbandrainage.portal.controller.NotificationController#getUserNotifications(Long)
2026-09-18T09:05:18.476+05:30 DEBUG 2780 --- [urban-drainage-portal] [nio-8081-exec-6] org.hibernate.SQL                        : select u1_0.id,u1_0.created_at,u1_0.department,u1_0.email,u1_0.name,u1_0.phone,u1_0.role from users u1_0 where u1_0.role=?
2026-09-18T09:05:18.476+05:30 DEBUG 2780 --- [urban-drainage-portal] [nio-8081-exec-8] org.hibernate.SQL                        : select n1_0.id,n1_0.created_at,n1_0.is_read,n1_0.message,n1_0.title,n1_0.type,n1_0.user_id from notifications n1_0 where n1_0.user_id=? order by n1_0.created_at desc
2026-09-18T09:05:18.558+05:30 DEBUG 2780 --- [urban-drainage-portal] [nio-8081-exec-4] org.hibernate.SQL                        : select count(dc1_0.id) from drainage_complaints dc1_0 where dc1_0.status=?
2026-09-18T09:05:18.569+05:30 DEBUG 2780 --- [urban-drainage-portal] [nio-8081-exec-2] o.s.w.s.m.m.a.HttpEntityMethodProcessor  : Using 'application/json', given [*/*] and supported [application/json, application/*+json]
2026-09-18T09:05:18.569+05:30 DEBUG 2780 --- [urban-drainage-portal] [nio-8081-exec-2] o.s.w.s.m.m.a.HttpEntityMethodProcessor  : Writing [[com.urbandrainage.portal.entity.DrainageInfrastructure@13067749, com.urbandrainage.portal.entity.Dr (truncated)...]
2026-09-18T09:05:18.572+05:30 DEBUG 2780 --- [urban-drainage-portal] [nio-8081-exec-2] o.s.web.servlet.DispatcherServlet        : Completed 200 OK
2026-09-18T09:05:18.583+05:30 DEBUG 2780 --- [urban-drainage-portal] [io-8081-exec-10] o.s.web.servlet.DispatcherServlet        : GET "/api/drainage/infrastructure", parameters={}
2026-09-18T09:05:18.583+05:30 DEBUG 2780 --- [urban-drainage-portal] [io-8081-exec-10] s.w.s.m.m.a.RequestMappingHandlerMapping : Mapped to com.urbandrainage.portal.controller.InfrastructureController#getAllInfrastructure()
2026-09-18T09:05:18.586+05:30 DEBUG 2780 --- [urban-drainage-portal] [io-8081-exec-10] org.hibernate.SQL                        : select di1_0.id,di1_0.address,di1_0.created_at,di1_0.description,di1_0.latitude,di1_0.longitude,di1_0.name,di1_0.status,di1_0.type,di1_0.updated_at from drainage_infrastructure di1_0
2026-09-18T09:05:18.814+05:30 DEBUG 2780 --- [urban-drainage-portal] [nio-8081-exec-6] o.s.w.s.m.m.a.HttpEntityMethodProcessor  : Using 'application/json', given [*/*] and supported [application/json, application/*+json]
2026-09-18T09:05:18.814+05:30 DEBUG 2780 --- [urban-drainage-portal] [nio-8081-exec-6] o.s.w.s.m.m.a.HttpEntityMethodProcessor  : Writing [[com.urbandrainage.portal.entity.User@6b2ea7d1, com.urbandrainage.portal.entity.User@4d038a4]]
2026-09-18T09:05:18.816+05:30 DEBUG 2780 --- [urban-drainage-portal] [nio-8081-exec-6] o.s.web.servlet.DispatcherServlet        : Completed 200 OK
2026-09-18T09:05:18.829+05:30 DEBUG 2780 --- [urban-drainage-portal] [nio-8081-exec-9] o.s.w.s.m.m.a.HttpEntityMethodProcessor  : Using 'application/json', given [*/*] and supported [application/json, application/*+json]
2026-09-18T09:05:18.830+05:30 DEBUG 2780 --- [urban-drainage-portal] [nio-8081-exec-9] o.s.w.s.m.m.a.HttpEntityMethodProcessor  : Writing [[com.urbandrainage.portal.entity.DrainageComplaint@2e160c67, com.urbandrainage.portal.entity.Drainag (truncated)...]
2026-09-18T09:05:18.832+05:30 DEBUG 2780 --- [urban-drainage-portal] [nio-8081-exec-9] o.s.web.servlet.DispatcherServlet        : Completed 200 OK
2026-09-18T09:05:18.833+05:30 DEBUG 2780 --- [urban-drainage-portal] [nio-8081-exec-8] o.s.w.s.m.m.a.HttpEntityMethodProcessor  : Using 'application/json', given [*/*] and supported [application/json, application/*+json]
2026-09-18T09:05:18.833+05:30 DEBUG 2780 --- [urban-drainage-portal] [nio-8081-exec-8] o.s.w.s.m.m.a.HttpEntityMethodProcessor  : Writing [[]]
2026-09-18T09:05:18.835+05:30 DEBUG 2780 --- [urban-drainage-portal] [nio-8081-exec-8] o.s.web.servlet.DispatcherServlet        : Completed 200 OK
2026-09-18T09:05:18.843+05:30 DEBUG 2780 --- [urban-drainage-portal] [nio-8081-exec-3] o.s.web.servlet.DispatcherServlet        : GET "/api/complaints", parameters={}
2026-09-18T09:05:18.844+05:30 DEBUG 2780 --- [urban-drainage-portal] [nio-8081-exec-3] s.w.s.m.m.a.RequestMappingHandlerMapping : Mapped to com.urbandrainage.portal.controller.ComplaintController#getAllComplaints()
2026-09-18T09:05:18.847+05:30 DEBUG 2780 --- [urban-drainage-portal] [nio-8081-exec-3] org.hibernate.SQL                        : select dc1_0.id,dc1_0.address,dc1_0.assigned_staff_id,dc1_0.assigned_staff_name,dc1_0.created_at,dc1_0.description,dc1_0.feedback,dc1_0.feedback_submitted_at,dc1_0.inspection_notes,dc1_0.issue_type,dc1_0.latitude,dc1_0.longitude,dc1_0.maintenance_notes,dc1_0.photo_url,dc1_0.priority,dc1_0.rating,dc1_0.status,dc1_0.updated_at,dc1_0.user_id,dc1_0.user_name from drainage_complaints dc1_0 order by dc1_0.created_at desc
2026-09-18T09:05:18.869+05:30 DEBUG 2780 --- [urban-drainage-portal] [nio-8081-exec-4] org.hibernate.SQL                        : select count(dc1_0.id) from drainage_complaints dc1_0 where dc1_0.status=?
2026-09-18T09:05:19.151+05:30 DEBUG 2780 --- [urban-drainage-portal] [nio-8081-exec-4] org.hibernate.SQL                        : select count(dc1_0.id) from drainage_complaints dc1_0 where dc1_0.priority=?
2026-09-18T09:05:19.152+05:30 DEBUG 2780 --- [urban-drainage-portal] [nio-8081-exec-3] o.s.w.s.m.m.a.HttpEntityMethodProcessor  : Using 'application/json', given [*/*] and supported [application/json, application/*+json]
2026-09-18T09:05:19.152+05:30 DEBUG 2780 --- [urban-drainage-portal] [nio-8081-exec-3] o.s.w.s.m.m.a.HttpEntityMethodProcessor  : Writing [[com.urbandrainage.portal.entity.DrainageComplaint@2fda1fc6, com.urbandrainage.portal.entity.Drainag (truncated)...]
2026-09-18T09:05:19.154+05:30 DEBUG 2780 --- [urban-drainage-portal] [nio-8081-exec-3] o.s.web.servlet.DispatcherServlet        : Completed 200 OK
2026-09-18T09:05:19.178+05:30 DEBUG 2780 --- [urban-drainage-portal] [io-8081-exec-10] o.s.w.s.m.m.a.HttpEntityMethodProcessor  : Using 'application/json', given [*/*] and supported [application/json, application/*+json]
2026-09-18T09:05:19.179+05:30 DEBUG 2780 --- [urban-drainage-portal] [io-8081-exec-10] o.s.w.s.m.m.a.HttpEntityMethodProcessor  : Writing [[com.urbandrainage.portal.entity.DrainageInfrastructure@8572e6e, com.urbandrainage.portal.entity.Dra (truncated)...]
2026-09-18T09:05:19.181+05:30 DEBUG 2780 --- [urban-drainage-portal] [io-8081-exec-10] o.s.web.servlet.DispatcherServlet        : Completed 200 OK
2026-09-18T09:05:19.481+05:30 DEBUG 2780 --- [urban-drainage-portal] [nio-8081-exec-4] org.hibernate.SQL                        : select count(dc1_0.id) from drainage_complaints dc1_0 where dc1_0.priority=?
2026-09-18T09:05:19.753+05:30 DEBUG 2780 --- [urban-drainage-portal] [nio-8081-exec-4] org.hibernate.SQL                        : select count(*) from drainage_infrastructure di1_0
2026-09-18T09:05:20.438+05:30 DEBUG 2780 --- [urban-drainage-portal] [nio-8081-exec-4] o.s.w.s.m.m.a.HttpEntityMethodProcessor  : Using 'application/json', given [*/*] and supported [application/json, application/*+json]
2026-09-18T09:05:20.438+05:30 DEBUG 2780 --- [urban-drainage-portal] [nio-8081-exec-4] o.s.w.s.m.m.a.HttpEntityMethodProcessor  : Writing [DashboardStatsDTO[totalComplaints=5, submitted=1, underReview=1, assigned=1, inProgress=1, resolved= (truncated)...]
2026-09-18T09:05:20.441+05:30 DEBUG 2780 --- [urban-drainage-portal] [nio-8081-exec-4] o.s.web.servlet.DispatcherServlet        : Completed 200 OK
2026-09-18T09:05:20.452+05:30 DEBUG 2780 --- [urban-drainage-portal] [nio-8081-exec-1] o.s.web.servlet.DispatcherServlet        : GET "/api/complaints/stats", parameters={}
2026-09-18T09:05:20.476+05:30 DEBUG 2780 --- [urban-drainage-portal] [nio-8081-exec-1] s.w.s.m.m.a.RequestMappingHandlerMapping : Mapped to com.urbandrainage.portal.controller.ComplaintController#getStats()
2026-09-18T09:05:20.681+05:30 DEBUG 2780 --- [urban-drainage-portal] [nio-8081-exec-5] o.s.web.servlet.DispatcherServlet        : GET "/api/complaints", parameters={}
2026-09-18T09:05:20.681+05:30 DEBUG 2780 --- [urban-drainage-portal] [nio-8081-exec-2] o.s.web.servlet.DispatcherServlet        : GET "/api/users/staff", parameters={}
2026-09-18T09:05:20.681+05:30 DEBUG 2780 --- [urban-drainage-portal] [nio-8081-exec-7] o.s.web.servlet.DispatcherServlet        : GET "/api/drainage/infrastructure", parameters={}
2026-09-18T09:05:20.681+05:30 DEBUG 2780 --- [urban-drainage-portal] [nio-8081-exec-6] o.s.web.servlet.DispatcherServlet        : GET "/api/notifications/user/4", parameters={}
2026-09-18T09:05:20.681+05:30 DEBUG 2780 --- [urban-drainage-portal] [nio-8081-exec-5] s.w.s.m.m.a.RequestMappingHandlerMapping : Mapped to com.urbandrainage.portal.controller.ComplaintController#getAllComplaints()
2026-09-18T09:05:20.681+05:30 DEBUG 2780 --- [urban-drainage-portal] [nio-8081-exec-2] s.w.s.m.m.a.RequestMappingHandlerMapping : Mapped to com.urbandrainage.portal.controller.UserController#getStaffMembers()
2026-09-18T09:05:20.681+05:30 DEBUG 2780 --- [urban-drainage-portal] [nio-8081-exec-7] s.w.s.m.m.a.RequestMappingHandlerMapping : Mapped to com.urbandrainage.portal.controller.InfrastructureController#getAllInfrastructure()
2026-09-18T09:05:20.682+05:30 DEBUG 2780 --- [urban-drainage-portal] [nio-8081-exec-6] s.w.s.m.m.a.RequestMappingHandlerMapping : Mapped to com.urbandrainage.portal.controller.NotificationController#getUserNotifications(Long)
2026-09-18T09:05:20.684+05:30 DEBUG 2780 --- [urban-drainage-portal] [nio-8081-exec-5] org.hibernate.SQL                        : select dc1_0.id,dc1_0.address,dc1_0.assigned_staff_id,dc1_0.assigned_staff_name,dc1_0.created_at,dc1_0.description,dc1_0.feedback,dc1_0.feedback_submitted_at,dc1_0.inspection_notes,dc1_0.issue_type,dc1_0.latitude,dc1_0.longitude,dc1_0.maintenance_notes,dc1_0.photo_url,dc1_0.priority,dc1_0.rating,dc1_0.status,dc1_0.updated_at,dc1_0.user_id,dc1_0.user_name from drainage_complaints dc1_0 order by dc1_0.created_at desc
2026-09-18T09:05:20.684+05:30 DEBUG 2780 --- [urban-drainage-portal] [nio-8081-exec-2] org.hibernate.SQL                        : select u1_0.id,u1_0.created_at,u1_0.department,u1_0.email,u1_0.name,u1_0.phone,u1_0.role from users u1_0 where u1_0.role=?
2026-09-18T09:05:20.685+05:30 DEBUG 2780 --- [urban-drainage-portal] [nio-8081-exec-6] org.hibernate.SQL                        : select n1_0.id,n1_0.created_at,n1_0.is_read,n1_0.message,n1_0.title,n1_0.type,n1_0.user_id from notifications n1_0 where n1_0.user_id=? order by n1_0.created_at desc
2026-09-18T09:05:20.766+05:30 DEBUG 2780 --- [urban-drainage-portal] [nio-8081-exec-1] org.hibernate.SQL                        : select count(*) from drainage_complaints dc1_0
2026-09-18T09:05:21.027+05:30 DEBUG 2780 --- [urban-drainage-portal] [nio-8081-exec-6] o.s.w.s.m.m.a.HttpEntityMethodProcessor  : Using 'application/json', given [*/*] and supported [application/json, application/*+json]
2026-09-18T09:05:21.028+05:30 DEBUG 2780 --- [urban-drainage-portal] [nio-8081-exec-6] o.s.w.s.m.m.a.HttpEntityMethodProcessor  : Writing [[]]
2026-09-18T09:05:21.029+05:30 DEBUG 2780 --- [urban-drainage-portal] [nio-8081-exec-7] org.hibernate.SQL                        : select di1_0.id,di1_0.address,di1_0.created_at,di1_0.description,di1_0.latitude,di1_0.longitude,di1_0.name,di1_0.status,di1_0.type,di1_0.updated_at from drainage_infrastructure di1_0
2026-09-18T09:05:21.029+05:30 DEBUG 2780 --- [urban-drainage-portal] [nio-8081-exec-6] o.s.web.servlet.DispatcherServlet        : Completed 200 OK
2026-09-18T09:05:21.298+05:30 DEBUG 2780 --- [urban-drainage-portal] [nio-8081-exec-2] o.s.w.s.m.m.a.HttpEntityMethodProcessor  : Using 'application/json', given [*/*] and supported [application/json, application/*+json]
2026-09-18T09:05:21.299+05:30 DEBUG 2780 --- [urban-drainage-portal] [nio-8081-exec-2] o.s.w.s.m.m.a.HttpEntityMethodProcessor  : Writing [[com.urbandrainage.portal.entity.User@5251c87f, com.urbandrainage.portal.entity.User@1a743fde]]
2026-09-18T09:05:21.299+05:30 DEBUG 2780 --- [urban-drainage-portal] [nio-8081-exec-5] o.s.w.s.m.m.a.HttpEntityMethodProcessor  : Using 'application/json', given [*/*] and supported [application/json, application/*+json]
2026-09-18T09:05:21.299+05:30 DEBUG 2780 --- [urban-drainage-portal] [nio-8081-exec-5] o.s.w.s.m.m.a.HttpEntityMethodProcessor  : Writing [[com.urbandrainage.portal.entity.DrainageComplaint@364765e6, com.urbandrainage.portal.entity.Drainag (truncated)...]
2026-09-18T09:05:21.301+05:30 DEBUG 2780 --- [urban-drainage-portal] [nio-8081-exec-2] o.s.web.servlet.DispatcherServlet        : Completed 200 OK
2026-09-18T09:05:21.301+05:30 DEBUG 2780 --- [urban-drainage-portal] [nio-8081-exec-5] o.s.web.servlet.DispatcherServlet        : Completed 200 OK
2026-09-18T09:05:21.342+05:30 DEBUG 2780 --- [urban-drainage-portal] [nio-8081-exec-1] org.hibernate.SQL                        : select count(dc1_0.id) from drainage_complaints dc1_0 where dc1_0.status=?
2026-09-18T09:05:21.613+05:30 DEBUG 2780 --- [urban-drainage-portal] [nio-8081-exec-7] o.s.w.s.m.m.a.HttpEntityMethodProcessor  : Using 'application/json', given [*/*] and supported [application/json, application/*+json]
2026-09-18T09:05:21.614+05:30 DEBUG 2780 --- [urban-drainage-portal] [nio-8081-exec-7] o.s.w.s.m.m.a.HttpEntityMethodProcessor  : Writing [[com.urbandrainage.portal.entity.DrainageInfrastructure@add38c6, com.urbandrainage.portal.entity.Dra (truncated)...]
2026-09-18T09:05:21.616+05:30 DEBUG 2780 --- [urban-drainage-portal] [nio-8081-exec-7] o.s.web.servlet.DispatcherServlet        : Completed 200 OK
2026-09-18T09:05:21.621+05:30 DEBUG 2780 --- [urban-drainage-portal] [nio-8081-exec-1] org.hibernate.SQL                        : select count(dc1_0.id) from drainage_complaints dc1_0 where dc1_0.status=?
2026-09-18T09:05:21.902+05:30 DEBUG 2780 --- [urban-drainage-portal] [nio-8081-exec-1] org.hibernate.SQL                        : select count(dc1_0.id) from drainage_complaints dc1_0 where dc1_0.status=?
2026-09-18T09:05:22.244+05:30 DEBUG 2780 --- [urban-drainage-portal] [nio-8081-exec-1] org.hibernate.SQL                        : select count(dc1_0.id) from drainage_complaints dc1_0 where dc1_0.status=?
2026-09-18T09:05:22.537+05:30 DEBUG 2780 --- [urban-drainage-portal] [nio-8081-exec-1] org.hibernate.SQL                        : select count(dc1_0.id) from drainage_complaints dc1_0 where dc1_0.status=?
2026-09-18T09:05:22.812+05:30 DEBUG 2780 --- [urban-drainage-portal] [nio-8081-exec-1] org.hibernate.SQL                        : select count(dc1_0.id) from drainage_complaints dc1_0 where dc1_0.status=?
2026-09-18T09:05:23.293+05:30 DEBUG 2780 --- [urban-drainage-portal] [nio-8081-exec-1] org.hibernate.SQL                        : select count(dc1_0.id) from drainage_complaints dc1_0 where dc1_0.priority=?
2026-09-18T09:05:23.484+05:30 DEBUG 2780 --- [urban-drainage-portal] [nio-8081-exec-9] o.s.web.servlet.DispatcherServlet        : GET "/api/complaints", parameters={}
2026-09-18T09:05:23.484+05:30 DEBUG 2780 --- [urban-drainage-portal] [nio-8081-exec-8] o.s.web.servlet.DispatcherServlet        : GET "/api/drainage/infrastructure", parameters={}
2026-09-18T09:05:23.484+05:30 DEBUG 2780 --- [urban-drainage-portal] [nio-8081-exec-3] o.s.web.servlet.DispatcherServlet        : GET "/api/users/staff", parameters={}
2026-09-18T09:05:23.485+05:30 DEBUG 2780 --- [urban-drainage-portal] [nio-8081-exec-9] s.w.s.m.m.a.RequestMappingHandlerMapping : Mapped to com.urbandrainage.portal.controller.ComplaintController#getAllComplaints()
2026-09-18T09:05:23.485+05:30 DEBUG 2780 --- [urban-drainage-portal] [io-8081-exec-10] o.s.web.servlet.DispatcherServlet        : GET "/api/notifications/user/1", parameters={}
2026-09-18T09:05:23.485+05:30 DEBUG 2780 --- [urban-drainage-portal] [nio-8081-exec-8] s.w.s.m.m.a.RequestMappingHandlerMapping : Mapped to com.urbandrainage.portal.controller.InfrastructureController#getAllInfrastructure()
2026-09-18T09:05:23.485+05:30 DEBUG 2780 --- [urban-drainage-portal] [nio-8081-exec-3] s.w.s.m.m.a.RequestMappingHandlerMapping : Mapped to com.urbandrainage.portal.controller.UserController#getStaffMembers()
2026-09-18T09:05:23.486+05:30 DEBUG 2780 --- [urban-drainage-portal] [io-8081-exec-10] s.w.s.m.m.a.RequestMappingHandlerMapping : Mapped to com.urbandrainage.portal.controller.NotificationController#getUserNotifications(Long)
2026-09-18T09:05:23.488+05:30 DEBUG 2780 --- [urban-drainage-portal] [nio-8081-exec-9] org.hibernate.SQL                        : select dc1_0.id,dc1_0.address,dc1_0.assigned_staff_id,dc1_0.assigned_staff_name,dc1_0.created_at,dc1_0.description,dc1_0.feedback,dc1_0.feedback_submitted_at,dc1_0.inspection_notes,dc1_0.issue_type,dc1_0.latitude,dc1_0.longitude,dc1_0.maintenance_notes,dc1_0.photo_url,dc1_0.priority,dc1_0.rating,dc1_0.status,dc1_0.updated_at,dc1_0.user_id,dc1_0.user_name from drainage_complaints dc1_0 order by dc1_0.created_at desc
2026-09-18T09:05:23.488+05:30 DEBUG 2780 --- [urban-drainage-portal] [nio-8081-exec-3] org.hibernate.SQL                        : select u1_0.id,u1_0.created_at,u1_0.department,u1_0.email,u1_0.name,u1_0.phone,u1_0.role from users u1_0 where u1_0.role=?
2026-09-18T09:05:23.489+05:30 DEBUG 2780 --- [urban-drainage-portal] [io-8081-exec-10] org.hibernate.SQL                        : select n1_0.id,n1_0.created_at,n1_0.is_read,n1_0.message,n1_0.title,n1_0.type,n1_0.user_id from notifications n1_0 where n1_0.user_id=? order by n1_0.created_at desc
2026-09-18T09:05:23.776+05:30 DEBUG 2780 --- [urban-drainage-portal] [nio-8081-exec-1] org.hibernate.SQL                        : select count(dc1_0.id) from drainage_complaints dc1_0 where dc1_0.priority=?
2026-09-18T09:05:23.843+05:30 DEBUG 2780 --- [urban-drainage-portal] [nio-8081-exec-8] org.hibernate.SQL                        : select di1_0.id,di1_0.address,di1_0.created_at,di1_0.description,di1_0.latitude,di1_0.longitude,di1_0.name,di1_0.status,di1_0.type,di1_0.updated_at from drainage_infrastructure di1_0
2026-09-18T09:05:24.087+05:30 DEBUG 2780 --- [urban-drainage-portal] [nio-8081-exec-1] org.hibernate.SQL                        : select count(*) from drainage_infrastructure di1_0
2026-09-18T09:05:24.135+05:30 DEBUG 2780 --- [urban-drainage-portal] [nio-8081-exec-3] o.s.w.s.m.m.a.HttpEntityMethodProcessor  : Using 'application/json', given [*/*] and supported [application/json, application/*+json]
2026-09-18T09:05:24.135+05:30 DEBUG 2780 --- [urban-drainage-portal] [io-8081-exec-10] o.s.w.s.m.m.a.HttpEntityMethodProcessor  : Using 'application/json', given [*/*] and supported [application/json, application/*+json]
2026-09-18T09:05:24.135+05:30 DEBUG 2780 --- [urban-drainage-portal] [io-8081-exec-10] o.s.w.s.m.m.a.HttpEntityMethodProcessor  : Writing [[com.urbandrainage.portal.entity.Notification@6d39b8a0, com.urbandrainage.portal.entity.Notification (truncated)...]
2026-09-18T09:05:24.135+05:30 DEBUG 2780 --- [urban-drainage-portal] [nio-8081-exec-3] o.s.w.s.m.m.a.HttpEntityMethodProcessor  : Writing [[com.urbandrainage.portal.entity.User@17322b0a, com.urbandrainage.portal.entity.User@25dff20c]]
2026-09-18T09:05:24.136+05:30 DEBUG 2780 --- [urban-drainage-portal] [nio-8081-exec-9] o.s.w.s.m.m.a.HttpEntityMethodProcessor  : Using 'application/json', given [*/*] and supported [application/json, application/*+json]
2026-09-18T09:05:24.136+05:30 DEBUG 2780 --- [urban-drainage-portal] [nio-8081-exec-9] o.s.w.s.m.m.a.HttpEntityMethodProcessor  : Writing [[com.urbandrainage.portal.entity.DrainageComplaint@38f6bf88, com.urbandrainage.portal.entity.Drainag (truncated)...]
2026-09-18T09:05:24.137+05:30 DEBUG 2780 --- [urban-drainage-portal] [nio-8081-exec-3] o.s.web.servlet.DispatcherServlet        : Completed 200 OK
2026-09-18T09:05:24.137+05:30 DEBUG 2780 --- [urban-drainage-portal] [io-8081-exec-10] o.s.web.servlet.DispatcherServlet        : Completed 200 OK
2026-09-18T09:05:24.139+05:30 DEBUG 2780 --- [urban-drainage-portal] [nio-8081-exec-9] o.s.web.servlet.DispatcherServlet        : Completed 200 OK
2026-09-18T09:05:24.661+05:30 DEBUG 2780 --- [urban-drainage-portal] [nio-8081-exec-8] o.s.w.s.m.m.a.HttpEntityMethodProcessor  : Using 'application/json', given [*/*] and supported [application/json, application/*+json]
2026-09-18T09:05:24.662+05:30 DEBUG 2780 --- [urban-drainage-portal] [nio-8081-exec-8] o.s.w.s.m.m.a.HttpEntityMethodProcessor  : Writing [[com.urbandrainage.portal.entity.DrainageInfrastructure@3dbceaee, com.urbandrainage.portal.entity.Dr (truncated)...]
2026-09-18T09:05:24.664+05:30 DEBUG 2780 --- [urban-drainage-portal] [nio-8081-exec-8] o.s.web.servlet.DispatcherServlet        : Completed 200 OK
2026-09-18T09:05:24.940+05:30 DEBUG 2780 --- [urban-drainage-portal] [nio-8081-exec-1] o.s.w.s.m.m.a.HttpEntityMethodProcessor  : Using 'application/json', given [*/*] and supported [application/json, application/*+json]
2026-09-18T09:05:24.941+05:30 DEBUG 2780 --- [urban-drainage-portal] [nio-8081-exec-1] o.s.w.s.m.m.a.HttpEntityMethodProcessor  : Writing [DashboardStatsDTO[totalComplaints=5, submitted=1, underReview=1, assigned=1, inProgress=1, resolved= (truncated)...]
2026-09-18T09:05:24.942+05:30 DEBUG 2780 --- [urban-drainage-portal] [nio-8081-exec-1] o.s.web.servlet.DispatcherServlet        : Completed 200 OK
2026-09-18T09:05:24.953+05:30 DEBUG 2780 --- [urban-drainage-portal] [nio-8081-exec-4] o.s.web.servlet.DispatcherServlet        : GET "/api/complaints/stats", parameters={}
2026-09-18T09:05:24.953+05:30 DEBUG 2780 --- [urban-drainage-portal] [nio-8081-exec-4] s.w.s.m.m.a.RequestMappingHandlerMapping : Mapped to com.urbandrainage.portal.controller.ComplaintController#getStats()
2026-09-18T09:05:25.269+05:30 DEBUG 2780 --- [urban-drainage-portal] [nio-8081-exec-4] org.hibernate.SQL                        : select count(*) from drainage_complaints dc1_0
2026-09-18T09:05:25.905+05:30 DEBUG 2780 --- [urban-drainage-portal] [nio-8081-exec-4] org.hibernate.SQL                        : select count(dc1_0.id) from drainage_complaints dc1_0 where dc1_0.status=?
2026-09-18T09:05:26.172+05:30 DEBUG 2780 --- [urban-drainage-portal] [nio-8081-exec-4] org.hibernate.SQL                        : select count(dc1_0.id) from drainage_complaints dc1_0 where dc1_0.status=?
2026-09-18T09:05:26.539+05:30 DEBUG 2780 --- [urban-drainage-portal] [nio-8081-exec-4] org.hibernate.SQL                        : select count(dc1_0.id) from drainage_complaints dc1_0 where dc1_0.status=?
2026-09-18T09:05:26.881+05:30 DEBUG 2780 --- [urban-drainage-portal] [nio-8081-exec-4] org.hibernate.SQL                        : select count(dc1_0.id) from drainage_complaints dc1_0 where dc1_0.status=?
2026-09-18T09:05:27.195+05:30 DEBUG 2780 --- [urban-drainage-portal] [nio-8081-exec-4] org.hibernate.SQL                        : select count(dc1_0.id) from drainage_complaints dc1_0 where dc1_0.status=?
2026-09-18T09:05:27.466+05:30 DEBUG 2780 --- [urban-drainage-portal] [nio-8081-exec-4] org.hibernate.SQL                        : select count(dc1_0.id) from drainage_complaints dc1_0 where dc1_0.status=?
2026-09-18T09:05:27.738+05:30 DEBUG 2780 --- [urban-drainage-portal] [nio-8081-exec-4] org.hibernate.SQL                        : select count(dc1_0.id) from drainage_complaints dc1_0 where dc1_0.priority=?
2026-09-18T09:05:28.029+05:30 DEBUG 2780 --- [urban-drainage-portal] [nio-8081-exec-4] org.hibernate.SQL                        : select count(dc1_0.id) from drainage_complaints dc1_0 where dc1_0.priority=?
2026-09-18T09:05:28.367+05:30 DEBUG 2780 --- [urban-drainage-portal] [nio-8081-exec-4] org.hibernate.SQL                        : select count(*) from drainage_infrastructure di1_0
2026-09-18T09:05:28.992+05:30 DEBUG 2780 --- [urban-drainage-portal] [nio-8081-exec-4] o.s.w.s.m.m.a.HttpEntityMethodProcessor  : Using 'application/json', given [*/*] and supported [application/json, application/*+json]
2026-09-18T09:05:28.992+05:30 DEBUG 2780 --- [urban-drainage-portal] [nio-8081-exec-4] o.s.w.s.m.m.a.HttpEntityMethodProcessor  : Writing [DashboardStatsDTO[totalComplaints=5, submitted=1, underReview=1, assigned=1, inProgress=1, resolved= (truncated)...]
2026-09-18T09:05:28.995+05:30 DEBUG 2780 --- [urban-drainage-portal] [nio-8081-exec-4] o.s.web.servlet.DispatcherServlet        : Completed 200 OK
2026-09-18T09:05:29.006+05:30 DEBUG 2780 --- [urban-drainage-portal] [nio-8081-exec-6] o.s.web.servlet.DispatcherServlet        : GET "/api/complaints/stats", parameters={}
2026-09-18T09:05:29.008+05:30 DEBUG 2780 --- [urban-drainage-portal] [nio-8081-exec-6] s.w.s.m.m.a.RequestMappingHandlerMapping : Mapped to com.urbandrainage.portal.controller.ComplaintController#getStats()
2026-09-18T09:05:29.011+05:30 DEBUG 2780 --- [urban-drainage-portal] [nio-8081-exec-6] org.hibernate.SQL                        : select count(*) from drainage_complaints dc1_0
2026-09-18T09:05:29.611+05:30 DEBUG 2780 --- [urban-drainage-portal] [nio-8081-exec-6] org.hibernate.SQL                        : select count(dc1_0.id) from drainage_complaints dc1_0 where dc1_0.status=?
2026-09-18T09:05:29.933+05:30 DEBUG 2780 --- [urban-drainage-portal] [nio-8081-exec-6] org.hibernate.SQL                        : select count(dc1_0.id) from drainage_complaints dc1_0 where dc1_0.status=?
2026-09-18T09:05:30.234+05:30 DEBUG 2780 --- [urban-drainage-portal] [nio-8081-exec-6] org.hibernate.SQL                        : select count(dc1_0.id) from drainage_complaints dc1_0 where dc1_0.status=?
2026-09-18T09:05:30.509+05:30 DEBUG 2780 --- [urban-drainage-portal] [nio-8081-exec-6] org.hibernate.SQL                        : select count(dc1_0.id) from drainage_complaints dc1_0 where dc1_0.status=?
2026-09-18T09:05:30.808+05:30 DEBUG 2780 --- [urban-drainage-portal] [nio-8081-exec-6] org.hibernate.SQL                        : select count(dc1_0.id) from drainage_complaints dc1_0 where dc1_0.status=?
2026-09-18T09:05:31.153+05:30 DEBUG 2780 --- [urban-drainage-portal] [nio-8081-exec-6] org.hibernate.SQL                        : select count(dc1_0.id) from drainage_complaints dc1_0 where dc1_0.status=?
2026-09-18T09:05:31.427+05:30 DEBUG 2780 --- [urban-drainage-portal] [nio-8081-exec-6] org.hibernate.SQL                        : select count(dc1_0.id) from drainage_complaints dc1_0 where dc1_0.priority=?
2026-09-18T09:05:31.714+05:30 DEBUG 2780 --- [urban-drainage-portal] [nio-8081-exec-6] org.hibernate.SQL                        : select count(dc1_0.id) from drainage_complaints dc1_0 where dc1_0.priority=?
2026-09-18T09:05:32.034+05:30 DEBUG 2780 --- [urban-drainage-portal] [nio-8081-exec-6] org.hibernate.SQL                        : select count(*) from drainage_infrastructure di1_0
2026-09-18T09:05:33.012+05:30 DEBUG 2780 --- [urban-drainage-portal] [nio-8081-exec-6] o.s.w.s.m.m.a.HttpEntityMethodProcessor  : Using 'application/json', given [*/*] and supported [application/json, application/*+json]
2026-09-18T09:05:33.012+05:30 DEBUG 2780 --- [urban-drainage-portal] [nio-8081-exec-6] o.s.w.s.m.m.a.HttpEntityMethodProcessor  : Writing [DashboardStatsDTO[totalComplaints=5, submitted=1, underReview=1, assigned=1, inProgress=1, resolved= (truncated)...]
2026-09-18T09:05:33.015+05:30 DEBUG 2780 --- [urban-drainage-portal] [nio-8081-exec-6] o.s.web.servlet.DispatcherServlet        : Completed 200 OK
2026-09-18T09:05:33.028+05:30 DEBUG 2780 --- [urban-drainage-portal] [nio-8081-exec-2] o.s.web.servlet.DispatcherServlet        : GET "/api/complaints/stats", parameters={}
2026-09-18T09:05:33.029+05:30 DEBUG 2780 --- [urban-drainage-portal] [nio-8081-exec-2] s.w.s.m.m.a.RequestMappingHandlerMapping : Mapped to com.urbandrainage.portal.controller.ComplaintController#getStats()
2026-09-18T09:05:33.332+05:30 DEBUG 2780 --- [urban-drainage-portal] [nio-8081-exec-2] org.hibernate.SQL                        : select count(*) from drainage_complaints dc1_0
2026-09-18T09:05:33.910+05:30 DEBUG 2780 --- [urban-drainage-portal] [nio-8081-exec-2] org.hibernate.SQL                        : select count(dc1_0.id) from drainage_complaints dc1_0 where dc1_0.status=?
2026-09-18T09:05:34.182+05:30 DEBUG 2780 --- [urban-drainage-portal] [nio-8081-exec-2] org.hibernate.SQL                        : select count(dc1_0.id) from drainage_complaints dc1_0 where dc1_0.status=?
2026-09-18T09:05:34.466+05:30 DEBUG 2780 --- [urban-drainage-portal] [nio-8081-exec-2] org.hibernate.SQL                        : select count(dc1_0.id) from drainage_complaints dc1_0 where dc1_0.status=?
2026-09-18T09:05:34.804+05:30 DEBUG 2780 --- [urban-drainage-portal] [nio-8081-exec-2] org.hibernate.SQL                        : select count(dc1_0.id) from drainage_complaints dc1_0 where dc1_0.status=?
2026-09-18T09:05:35.090+05:30 DEBUG 2780 --- [urban-drainage-portal] [nio-8081-exec-2] org.hibernate.SQL                        : select count(dc1_0.id) from drainage_complaints dc1_0 where dc1_0.status=?
2026-09-18T09:05:35.429+05:30 DEBUG 2780 --- [urban-drainage-portal] [nio-8081-exec-2] org.hibernate.SQL                        : select count(dc1_0.id) from drainage_complaints dc1_0 where dc1_0.status=?
2026-09-18T09:05:35.705+05:30 DEBUG 2780 --- [urban-drainage-portal] [nio-8081-exec-2] org.hibernate.SQL                        : select count(dc1_0.id) from drainage_complaints dc1_0 where dc1_0.priority=?
2026-09-18T09:05:36.064+05:30 DEBUG 2780 --- [urban-drainage-portal] [nio-8081-exec-2] org.hibernate.SQL                        : select count(dc1_0.id) from drainage_complaints dc1_0 where dc1_0.priority=?
2026-09-18T09:05:36.364+05:30 DEBUG 2780 --- [urban-drainage-portal] [nio-8081-exec-2] org.hibernate.SQL                        : select count(*) from drainage_infrastructure di1_0
2026-09-18T09:05:36.926+05:30 DEBUG 2780 --- [urban-drainage-portal] [nio-8081-exec-2] o.s.w.s.m.m.a.HttpEntityMethodProcessor  : Using 'application/json', given [*/*] and supported [application/json, application/*+json]
2026-09-18T09:05:36.927+05:30 DEBUG 2780 --- [urban-drainage-portal] [nio-8081-exec-2] o.s.w.s.m.m.a.HttpEntityMethodProcessor  : Writing [DashboardStatsDTO[totalComplaints=5, submitted=1, underReview=1, assigned=1, inProgress=1, resolved= (truncated)...]
2026-09-18T09:05:36.928+05:30 DEBUG 2780 --- [urban-drainage-portal] [nio-8081-exec-2] o.s.web.servlet.DispatcherServlet        : Completed 200 OK
2026-09-18T09:05:36.939+05:30 DEBUG 2780 --- [urban-drainage-portal] [nio-8081-exec-5] o.s.web.servlet.DispatcherServlet        : GET "/api/complaints/stats", parameters={}
2026-09-18T09:05:36.940+05:30 DEBUG 2780 --- [urban-drainage-portal] [nio-8081-exec-5] s.w.s.m.m.a.RequestMappingHandlerMapping : Mapped to com.urbandrainage.portal.controller.ComplaintController#getStats()
2026-09-18T09:05:37.251+05:30 DEBUG 2780 --- [urban-drainage-portal] [nio-8081-exec-5] org.hibernate.SQL                        : select count(*) from drainage_complaints dc1_0
2026-09-18T09:05:37.880+05:30 DEBUG 2780 --- [urban-drainage-portal] [nio-8081-exec-5] org.hibernate.SQL                        : select count(dc1_0.id) from drainage_complaints dc1_0 where dc1_0.status=?
2026-09-18T09:05:38.151+05:30 DEBUG 2780 --- [urban-drainage-portal] [nio-8081-exec-5] org.hibernate.SQL                        : select count(dc1_0.id) from drainage_complaints dc1_0 where dc1_0.status=?
2026-09-18T09:05:38.427+05:30 DEBUG 2780 --- [urban-drainage-portal] [nio-8081-exec-5] org.hibernate.SQL                        : select count(dc1_0.id) from drainage_complaints dc1_0 where dc1_0.status=?
2026-09-18T09:05:38.480+05:30 DEBUG 2780 --- [urban-drainage-portal] [nio-8081-exec-7] o.s.web.servlet.DispatcherServlet        : GET "/api/complaints/stats", parameters={}
2026-09-18T09:05:38.480+05:30 DEBUG 2780 --- [urban-drainage-portal] [nio-8081-exec-7] s.w.s.m.m.a.RequestMappingHandlerMapping : Mapped to com.urbandrainage.portal.controller.ComplaintController#getStats()
2026-09-18T09:05:38.838+05:30 DEBUG 2780 --- [urban-drainage-portal] [nio-8081-exec-7] org.hibernate.SQL                        : select count(*) from drainage_complaints dc1_0
2026-09-18T09:05:38.839+05:30 DEBUG 2780 --- [urban-drainage-portal] [nio-8081-exec-5] org.hibernate.SQL                        : select count(dc1_0.id) from drainage_complaints dc1_0 where dc1_0.status=?
2026-09-18T09:05:39.118+05:30 DEBUG 2780 --- [urban-drainage-portal] [nio-8081-exec-5] org.hibernate.SQL                        : select count(dc1_0.id) from drainage_complaints dc1_0 where dc1_0.status=?
2026-09-18T09:05:39.397+05:30 DEBUG 2780 --- [urban-drainage-portal] [nio-8081-exec-7] org.hibernate.SQL                        : select count(dc1_0.id) from drainage_complaints dc1_0 where dc1_0.status=?
2026-09-18T09:05:39.397+05:30 DEBUG 2780 --- [urban-drainage-portal] [nio-8081-exec-5] org.hibernate.SQL                        : select count(dc1_0.id) from drainage_complaints dc1_0 where dc1_0.status=?
2026-09-18T09:05:39.747+05:30 DEBUG 2780 --- [urban-drainage-portal] [nio-8081-exec-7] org.hibernate.SQL                        : select count(dc1_0.id) from drainage_complaints dc1_0 where dc1_0.status=?
2026-09-18T09:05:39.748+05:30 DEBUG 2780 --- [urban-drainage-portal] [nio-8081-exec-5] org.hibernate.SQL                        : select count(dc1_0.id) from drainage_complaints dc1_0 where dc1_0.priority=?
2026-09-18T09:05:40.030+05:30 DEBUG 2780 --- [urban-drainage-portal] [nio-8081-exec-5] org.hibernate.SQL                        : select count(dc1_0.id) from drainage_complaints dc1_0 where dc1_0.priority=?
2026-09-18T09:05:40.030+05:30 DEBUG 2780 --- [urban-drainage-portal] [nio-8081-exec-7] org.hibernate.SQL                        : select count(dc1_0.id) from drainage_complaints dc1_0 where dc1_0.status=?
2026-09-18T09:05:40.314+05:30 DEBUG 2780 --- [urban-drainage-portal] [nio-8081-exec-5] org.hibernate.SQL                        : select count(*) from drainage_infrastructure di1_0
2026-09-18T09:05:40.315+05:30 DEBUG 2780 --- [urban-drainage-portal] [nio-8081-exec-7] org.hibernate.SQL                        : select count(dc1_0.id) from drainage_complaints dc1_0 where dc1_0.status=?
2026-09-18T09:05:40.599+05:30 DEBUG 2780 --- [urban-drainage-portal] [nio-8081-exec-7] org.hibernate.SQL                        : select count(dc1_0.id) from drainage_complaints dc1_0 where dc1_0.status=?
2026-09-18T09:05:40.673+05:30 DEBUG 2780 --- [urban-drainage-portal] [nio-8081-exec-3] o.s.web.servlet.DispatcherServlet        : GET "/api/complaints/stats", parameters={}
2026-09-18T09:05:40.673+05:30 DEBUG 2780 --- [urban-drainage-portal] [nio-8081-exec-3] s.w.s.m.m.a.RequestMappingHandlerMapping : Mapped to com.urbandrainage.portal.controller.ComplaintController#getStats()
2026-09-18T09:05:40.853+05:30 DEBUG 2780 --- [urban-drainage-portal] [nio-8081-exec-9] o.s.web.servlet.DispatcherServlet        : GET "/api/drainage/infrastructure", parameters={}
2026-09-18T09:05:40.853+05:30 DEBUG 2780 --- [urban-drainage-portal] [io-8081-exec-10] o.s.web.servlet.DispatcherServlet        : GET "/api/complaints", parameters={}
2026-09-18T09:05:40.854+05:30 DEBUG 2780 --- [urban-drainage-portal] [nio-8081-exec-9] s.w.s.m.m.a.RequestMappingHandlerMapping : Mapped to com.urbandrainage.portal.controller.InfrastructureController#getAllInfrastructure()
2026-09-18T09:05:40.854+05:30 DEBUG 2780 --- [urban-drainage-portal] [io-8081-exec-10] s.w.s.m.m.a.RequestMappingHandlerMapping : Mapped to com.urbandrainage.portal.controller.ComplaintController#getAllComplaints()
2026-09-18T09:05:40.857+05:30 DEBUG 2780 --- [urban-drainage-portal] [nio-8081-exec-8] o.s.web.servlet.DispatcherServlet        : GET "/api/users/staff", parameters={}
2026-09-18T09:05:40.857+05:30 DEBUG 2780 --- [urban-drainage-portal] [nio-8081-exec-8] s.w.s.m.m.a.RequestMappingHandlerMapping : Mapped to com.urbandrainage.portal.controller.UserController#getStaffMembers()
2026-09-18T09:05:40.860+05:30 DEBUG 2780 --- [urban-drainage-portal] [io-8081-exec-10] org.hibernate.SQL                        : select dc1_0.id,dc1_0.address,dc1_0.assigned_staff_id,dc1_0.assigned_staff_name,dc1_0.created_at,dc1_0.description,dc1_0.feedback,dc1_0.feedback_submitted_at,dc1_0.inspection_notes,dc1_0.issue_type,dc1_0.latitude,dc1_0.longitude,dc1_0.maintenance_notes,dc1_0.photo_url,dc1_0.priority,dc1_0.rating,dc1_0.status,dc1_0.updated_at,dc1_0.user_id,dc1_0.user_name from drainage_complaints dc1_0 order by dc1_0.created_at desc
2026-09-18T09:05:40.861+05:30 DEBUG 2780 --- [urban-drainage-portal] [nio-8081-exec-8] org.hibernate.SQL                        : select u1_0.id,u1_0.created_at,u1_0.department,u1_0.email,u1_0.name,u1_0.phone,u1_0.role from users u1_0 where u1_0.role=?
2026-09-18T09:05:40.873+05:30 DEBUG 2780 --- [urban-drainage-portal] [nio-8081-exec-5] o.s.w.s.m.m.a.HttpEntityMethodProcessor  : Using 'application/json', given [*/*] and supported [application/json, application/*+json]
2026-09-18T09:05:40.873+05:30 DEBUG 2780 --- [urban-drainage-portal] [nio-8081-exec-5] o.s.w.s.m.m.a.HttpEntityMethodProcessor  : Writing [DashboardStatsDTO[totalComplaints=5, submitted=1, underReview=1, assigned=1, inProgress=1, resolved= (truncated)...]
2026-09-18T09:05:40.875+05:30 DEBUG 2780 --- [urban-drainage-portal] [nio-8081-exec-7] org.hibernate.SQL                        : select count(dc1_0.id) from drainage_complaints dc1_0 where dc1_0.status=?
2026-09-18T09:05:40.875+05:30 DEBUG 2780 --- [urban-drainage-portal] [nio-8081-exec-5] o.s.web.servlet.DispatcherServlet        : Completed 200 OK
2026-09-18T09:05:40.886+05:30 DEBUG 2780 --- [urban-drainage-portal] [nio-8081-exec-1] o.s.web.servlet.DispatcherServlet        : GET "/api/notifications/user/2", parameters={}
2026-09-18T09:05:40.886+05:30 DEBUG 2780 --- [urban-drainage-portal] [nio-8081-exec-1] s.w.s.m.m.a.RequestMappingHandlerMapping : Mapped to com.urbandrainage.portal.controller.NotificationController#getUserNotifications(Long)
2026-09-18T09:05:40.890+05:30 DEBUG 2780 --- [urban-drainage-portal] [nio-8081-exec-1] org.hibernate.SQL                        : select n1_0.id,n1_0.created_at,n1_0.is_read,n1_0.message,n1_0.title,n1_0.type,n1_0.user_id from notifications n1_0 where n1_0.user_id=? order by n1_0.created_at desc
2026-09-18T09:05:40.977+05:30 DEBUG 2780 --- [urban-drainage-portal] [nio-8081-exec-3] org.hibernate.SQL                        : select count(*) from drainage_complaints dc1_0
2026-09-18T09:05:41.178+05:30 DEBUG 2780 --- [urban-drainage-portal] [nio-8081-exec-1] o.s.w.s.m.m.a.HttpEntityMethodProcessor  : Using 'application/json', given [*/*] and supported [application/json, application/*+json]
2026-09-18T09:05:41.179+05:30 DEBUG 2780 --- [urban-drainage-portal] [nio-8081-exec-1] o.s.w.s.m.m.a.HttpEntityMethodProcessor  : Writing [[]]
2026-09-18T09:05:41.179+05:30 DEBUG 2780 --- [urban-drainage-portal] [nio-8081-exec-9] org.hibernate.SQL                        : select di1_0.id,di1_0.address,di1_0.created_at,di1_0.description,di1_0.latitude,di1_0.longitude,di1_0.name,di1_0.status,di1_0.type,di1_0.updated_at from drainage_infrastructure di1_0
2026-09-18T09:05:41.180+05:30 DEBUG 2780 --- [urban-drainage-portal] [nio-8081-exec-7] org.hibernate.SQL                        : select count(dc1_0.id) from drainage_complaints dc1_0 where dc1_0.priority=?
2026-09-18T09:05:41.180+05:30 DEBUG 2780 --- [urban-drainage-portal] [nio-8081-exec-1] o.s.web.servlet.DispatcherServlet        : Completed 200 OK
2026-09-18T09:05:41.192+05:30 DEBUG 2780 --- [urban-drainage-portal] [nio-8081-exec-4] o.s.web.servlet.DispatcherServlet        : GET "/api/complaints/stats", parameters={}
2026-09-18T09:05:41.192+05:30 DEBUG 2780 --- [urban-drainage-portal] [nio-8081-exec-4] s.w.s.m.m.a.RequestMappingHandlerMapping : Mapped to com.urbandrainage.portal.controller.ComplaintController#getStats()
2026-09-18T09:05:41.194+05:30 DEBUG 2780 --- [urban-drainage-portal] [nio-8081-exec-4] org.hibernate.SQL                        : select count(*) from drainage_complaints dc1_0
2026-09-18T09:05:41.565+05:30 DEBUG 2780 --- [urban-drainage-portal] [nio-8081-exec-8] o.s.w.s.m.m.a.HttpEntityMethodProcessor  : Using 'application/json', given [*/*] and supported [application/json, application/*+json]
2026-09-18T09:05:41.565+05:30 DEBUG 2780 --- [urban-drainage-portal] [nio-8081-exec-8] o.s.w.s.m.m.a.HttpEntityMethodProcessor  : Writing [[com.urbandrainage.portal.entity.User@cf2debb, com.urbandrainage.portal.entity.User@4abb8b5a]]
2026-09-18T09:05:41.566+05:30 DEBUG 2780 --- [urban-drainage-portal] [nio-8081-exec-3] org.hibernate.SQL                        : select count(dc1_0.id) from drainage_complaints dc1_0 where dc1_0.status=?
2026-09-18T09:05:41.566+05:30 DEBUG 2780 --- [urban-drainage-portal] [nio-8081-exec-7] org.hibernate.SQL                        : select count(dc1_0.id) from drainage_complaints dc1_0 where dc1_0.priority=?
2026-09-18T09:05:41.566+05:30 DEBUG 2780 --- [urban-drainage-portal] [io-8081-exec-10] o.s.w.s.m.m.a.HttpEntityMethodProcessor  : Using 'application/json', given [*/*] and supported [application/json, application/*+json]
2026-09-18T09:05:41.566+05:30 DEBUG 2780 --- [urban-drainage-portal] [io-8081-exec-10] o.s.w.s.m.m.a.HttpEntityMethodProcessor  : Writing [[com.urbandrainage.portal.entity.DrainageComplaint@595cdd8e, com.urbandrainage.portal.entity.Drainag (truncated)...]
2026-09-18T09:05:41.567+05:30 DEBUG 2780 --- [urban-drainage-portal] [nio-8081-exec-8] o.s.web.servlet.DispatcherServlet        : Completed 200 OK
2026-09-18T09:05:41.568+05:30 DEBUG 2780 --- [urban-drainage-portal] [io-8081-exec-10] o.s.web.servlet.DispatcherServlet        : Completed 200 OK
2026-09-18T09:05:41.895+05:30 DEBUG 2780 --- [urban-drainage-portal] [nio-8081-exec-9] o.s.w.s.m.m.a.HttpEntityMethodProcessor  : Using 'application/json', given [*/*] and supported [application/json, application/*+json]
2026-09-18T09:05:41.895+05:30 DEBUG 2780 --- [urban-drainage-portal] [nio-8081-exec-9] o.s.w.s.m.m.a.HttpEntityMethodProcessor  : Writing [[com.urbandrainage.portal.entity.DrainageInfrastructure@7221167b, com.urbandrainage.portal.entity.Dr (truncated)...]
2026-09-18T09:05:41.895+05:30 DEBUG 2780 --- [urban-drainage-portal] [nio-8081-exec-7] org.hibernate.SQL                        : select count(*) from drainage_infrastructure di1_0
2026-09-18T09:05:41.896+05:30 DEBUG 2780 --- [urban-drainage-portal] [nio-8081-exec-4] org.hibernate.SQL                        : select count(dc1_0.id) from drainage_complaints dc1_0 where dc1_0.status=?
2026-09-18T09:05:41.896+05:30 DEBUG 2780 --- [urban-drainage-portal] [nio-8081-exec-3] org.hibernate.SQL                        : select count(dc1_0.id) from drainage_complaints dc1_0 where dc1_0.status=?
2026-09-18T09:05:41.896+05:30 DEBUG 2780 --- [urban-drainage-portal] [nio-8081-exec-9] o.s.web.servlet.DispatcherServlet        : Completed 200 OK
2026-09-18T09:05:42.169+05:30 DEBUG 2780 --- [urban-drainage-portal] [nio-8081-exec-4] org.hibernate.SQL                        : select count(dc1_0.id) from drainage_complaints dc1_0 where dc1_0.status=?
2026-09-18T09:05:42.176+05:30 DEBUG 2780 --- [urban-drainage-portal] [nio-8081-exec-3] org.hibernate.SQL                        : select count(dc1_0.id) from drainage_complaints dc1_0 where dc1_0.status=?
2026-09-18T09:05:42.464+05:30 DEBUG 2780 --- [urban-drainage-portal] [nio-8081-exec-7] o.s.w.s.m.m.a.HttpEntityMethodProcessor  : Using 'application/json', given [*/*] and supported [application/json, application/*+json]
2026-09-18T09:05:42.464+05:30 DEBUG 2780 --- [urban-drainage-portal] [nio-8081-exec-7] o.s.w.s.m.m.a.HttpEntityMethodProcessor  : Writing [DashboardStatsDTO[totalComplaints=5, submitted=1, underReview=1, assigned=1, inProgress=1, resolved= (truncated)...]
2026-09-18T09:05:42.465+05:30 DEBUG 2780 --- [urban-drainage-portal] [nio-8081-exec-3] org.hibernate.SQL                        : select count(dc1_0.id) from drainage_complaints dc1_0 where dc1_0.status=?
2026-09-18T09:05:42.465+05:30 DEBUG 2780 --- [urban-drainage-portal] [nio-8081-exec-7] o.s.web.servlet.DispatcherServlet        : Completed 200 OK
2026-09-18T09:05:42.466+05:30 DEBUG 2780 --- [urban-drainage-portal] [nio-8081-exec-4] org.hibernate.SQL                        : select count(dc1_0.id) from drainage_complaints dc1_0 where dc1_0.status=?
2026-09-18T09:05:42.749+05:30 DEBUG 2780 --- [urban-drainage-portal] [nio-8081-exec-4] org.hibernate.SQL                        : select count(dc1_0.id) from drainage_complaints dc1_0 where dc1_0.status=?
2026-09-18T09:05:42.757+05:30 DEBUG 2780 --- [urban-drainage-portal] [nio-8081-exec-6] o.s.web.servlet.DispatcherServlet        : GET "/api/complaints", parameters={}
2026-09-18T09:05:42.757+05:30 DEBUG 2780 --- [urban-drainage-portal] [nio-8081-exec-6] s.w.s.m.m.a.RequestMappingHandlerMapping : Mapped to com.urbandrainage.portal.controller.ComplaintController#getAllComplaints()
2026-09-18T09:05:42.760+05:30 DEBUG 2780 --- [urban-drainage-portal] [nio-8081-exec-2] o.s.web.servlet.DispatcherServlet        : GET "/api/drainage/infrastructure", parameters={}
2026-09-18T09:05:42.760+05:30 DEBUG 2780 --- [urban-drainage-portal] [nio-8081-exec-6] org.hibernate.SQL                        : select dc1_0.id,dc1_0.address,dc1_0.assigned_staff_id,dc1_0.assigned_staff_name,dc1_0.created_at,dc1_0.description,dc1_0.feedback,dc1_0.feedback_submitted_at,dc1_0.inspection_notes,dc1_0.issue_type,dc1_0.latitude,dc1_0.longitude,dc1_0.maintenance_notes,dc1_0.photo_url,dc1_0.priority,dc1_0.rating,dc1_0.status,dc1_0.updated_at,dc1_0.user_id,dc1_0.user_name from drainage_complaints dc1_0 order by dc1_0.created_at desc
2026-09-18T09:05:42.760+05:30 DEBUG 2780 --- [urban-drainage-portal] [nio-8081-exec-1] o.s.web.servlet.DispatcherServlet        : GET "/api/notifications/user/4", parameters={}
2026-09-18T09:05:42.760+05:30 DEBUG 2780 --- [urban-drainage-portal] [nio-8081-exec-5] o.s.web.servlet.DispatcherServlet        : GET "/api/users/staff", parameters={}
2026-09-18T09:05:42.761+05:30 DEBUG 2780 --- [urban-drainage-portal] [nio-8081-exec-2] s.w.s.m.m.a.RequestMappingHandlerMapping : Mapped to com.urbandrainage.portal.controller.InfrastructureController#getAllInfrastructure()
2026-09-18T09:05:42.761+05:30 DEBUG 2780 --- [urban-drainage-portal] [nio-8081-exec-5] s.w.s.m.m.a.RequestMappingHandlerMapping : Mapped to com.urbandrainage.portal.controller.UserController#getStaffMembers()
2026-09-18T09:05:42.761+05:30 DEBUG 2780 --- [urban-drainage-portal] [nio-8081-exec-1] s.w.s.m.m.a.RequestMappingHandlerMapping : Mapped to com.urbandrainage.portal.controller.NotificationController#getUserNotifications(Long)
2026-09-18T09:05:42.764+05:30 DEBUG 2780 --- [urban-drainage-portal] [nio-8081-exec-1] org.hibernate.SQL                        : select n1_0.id,n1_0.created_at,n1_0.is_read,n1_0.message,n1_0.title,n1_0.type,n1_0.user_id from notifications n1_0 where n1_0.user_id=? order by n1_0.created_at desc
2026-09-18T09:05:42.764+05:30 DEBUG 2780 --- [urban-drainage-portal] [nio-8081-exec-5] org.hibernate.SQL                        : select u1_0.id,u1_0.created_at,u1_0.department,u1_0.email,u1_0.name,u1_0.phone,u1_0.role from users u1_0 where u1_0.role=?
2026-09-18T09:05:42.780+05:30 DEBUG 2780 --- [urban-drainage-portal] [nio-8081-exec-3] org.hibernate.SQL                        : select count(dc1_0.id) from drainage_complaints dc1_0 where dc1_0.status=?
2026-09-18T09:05:43.031+05:30 DEBUG 2780 --- [urban-drainage-portal] [nio-8081-exec-2] org.hibernate.SQL                        : select di1_0.id,di1_0.address,di1_0.created_at,di1_0.description,di1_0.latitude,di1_0.longitude,di1_0.name,di1_0.status,di1_0.type,di1_0.updated_at from drainage_infrastructure di1_0
2026-09-18T09:05:43.031+05:30 DEBUG 2780 --- [urban-drainage-portal] [nio-8081-exec-4] org.hibernate.SQL                        : select count(dc1_0.id) from drainage_complaints dc1_0 where dc1_0.status=?
2026-09-18T09:05:43.060+05:30 DEBUG 2780 --- [urban-drainage-portal] [nio-8081-exec-1] o.s.w.s.m.m.a.HttpEntityMethodProcessor  : Using 'application/json', given [*/*] and supported [application/json, application/*+json]
2026-09-18T09:05:43.060+05:30 DEBUG 2780 --- [urban-drainage-portal] [nio-8081-exec-1] o.s.w.s.m.m.a.HttpEntityMethodProcessor  : Writing [[]]
2026-09-18T09:05:43.062+05:30 DEBUG 2780 --- [urban-drainage-portal] [nio-8081-exec-1] o.s.web.servlet.DispatcherServlet        : Completed 200 OK
2026-09-18T09:05:43.066+05:30 DEBUG 2780 --- [urban-drainage-portal] [nio-8081-exec-3] org.hibernate.SQL                        : select count(dc1_0.id) from drainage_complaints dc1_0 where dc1_0.status=?
2026-09-18T09:05:43.404+05:30 DEBUG 2780 --- [urban-drainage-portal] [nio-8081-exec-5] o.s.w.s.m.m.a.HttpEntityMethodProcessor  : Using 'application/json', given [*/*] and supported [application/json, application/*+json]
2026-09-18T09:05:43.404+05:30 DEBUG 2780 --- [urban-drainage-portal] [nio-8081-exec-5] o.s.w.s.m.m.a.HttpEntityMethodProcessor  : Writing [[com.urbandrainage.portal.entity.User@54528ce9, com.urbandrainage.portal.entity.User@e086e8a]]
2026-09-18T09:05:43.405+05:30 DEBUG 2780 --- [urban-drainage-portal] [nio-8081-exec-4] org.hibernate.SQL                        : select count(dc1_0.id) from drainage_complaints dc1_0 where dc1_0.status=?
2026-09-18T09:05:43.405+05:30 DEBUG 2780 --- [urban-drainage-portal] [nio-8081-exec-3] org.hibernate.SQL                        : select count(dc1_0.id) from drainage_complaints dc1_0 where dc1_0.priority=?
2026-09-18T09:05:43.405+05:30 DEBUG 2780 --- [urban-drainage-portal] [nio-8081-exec-6] o.s.w.s.m.m.a.HttpEntityMethodProcessor  : Using 'application/json', given [*/*] and supported [application/json, application/*+json]
2026-09-18T09:05:43.405+05:30 DEBUG 2780 --- [urban-drainage-portal] [nio-8081-exec-6] o.s.w.s.m.m.a.HttpEntityMethodProcessor  : Writing [[com.urbandrainage.portal.entity.DrainageComplaint@32c7c31d, com.urbandrainage.portal.entity.Drainag (truncated)...]
2026-09-18T09:05:43.406+05:30 DEBUG 2780 --- [urban-drainage-portal] [nio-8081-exec-5] o.s.web.servlet.DispatcherServlet        : Completed 200 OK
2026-09-18T09:05:43.407+05:30 DEBUG 2780 --- [urban-drainage-portal] [nio-8081-exec-6] o.s.web.servlet.DispatcherServlet        : Completed 200 OK
2026-09-18T09:05:43.751+05:30 DEBUG 2780 --- [urban-drainage-portal] [nio-8081-exec-2] o.s.w.s.m.m.a.HttpEntityMethodProcessor  : Using 'application/json', given [*/*] and supported [application/json, application/*+json]
2026-09-18T09:05:43.751+05:30 DEBUG 2780 --- [urban-drainage-portal] [nio-8081-exec-2] o.s.w.s.m.m.a.HttpEntityMethodProcessor  : Writing [[com.urbandrainage.portal.entity.DrainageInfrastructure@40acb2a2, com.urbandrainage.portal.entity.Dr (truncated)...]
2026-09-18T09:05:43.752+05:30 DEBUG 2780 --- [urban-drainage-portal] [nio-8081-exec-2] o.s.web.servlet.DispatcherServlet        : Completed 200 OK
2026-09-18T09:05:43.752+05:30 DEBUG 2780 --- [urban-drainage-portal] [nio-8081-exec-4] org.hibernate.SQL                        : select count(dc1_0.id) from drainage_complaints dc1_0 where dc1_0.priority=?
2026-09-18T09:05:43.753+05:30 DEBUG 2780 --- [urban-drainage-portal] [nio-8081-exec-3] org.hibernate.SQL                        : select count(dc1_0.id) from drainage_complaints dc1_0 where dc1_0.priority=?
2026-09-18T09:05:44.031+05:30 DEBUG 2780 --- [urban-drainage-portal] [nio-8081-exec-3] org.hibernate.SQL                        : select count(*) from drainage_infrastructure di1_0
2026-09-18T09:05:44.032+05:30 DEBUG 2780 --- [urban-drainage-portal] [nio-8081-exec-4] org.hibernate.SQL                        : select count(dc1_0.id) from drainage_complaints dc1_0 where dc1_0.priority=?
2026-09-18T09:05:44.400+05:30 DEBUG 2780 --- [urban-drainage-portal] [nio-8081-exec-4] org.hibernate.SQL                        : select count(*) from drainage_infrastructure di1_0
2026-09-18T09:05:44.564+05:30 DEBUG 2780 --- [urban-drainage-portal] [nio-8081-exec-8] o.s.web.servlet.DispatcherServlet        : GET "/api/complaints", parameters={}
2026-09-18T09:05:44.564+05:30 DEBUG 2780 --- [urban-drainage-portal] [io-8081-exec-10] o.s.web.servlet.DispatcherServlet        : GET "/api/drainage/infrastructure", parameters={}
2026-09-18T09:05:44.564+05:30 DEBUG 2780 --- [urban-drainage-portal] [nio-8081-exec-8] s.w.s.m.m.a.RequestMappingHandlerMapping : Mapped to com.urbandrainage.portal.controller.ComplaintController#getAllComplaints()
2026-09-18T09:05:44.565+05:30 DEBUG 2780 --- [urban-drainage-portal] [io-8081-exec-10] s.w.s.m.m.a.RequestMappingHandlerMapping : Mapped to com.urbandrainage.portal.controller.InfrastructureController#getAllInfrastructure()
2026-09-18T09:05:44.565+05:30 DEBUG 2780 --- [urban-drainage-portal] [nio-8081-exec-9] o.s.web.servlet.DispatcherServlet        : GET "/api/users/staff", parameters={}
2026-09-18T09:05:44.566+05:30 DEBUG 2780 --- [urban-drainage-portal] [nio-8081-exec-7] o.s.web.servlet.DispatcherServlet        : GET "/api/notifications/user/1", parameters={}
2026-09-18T09:05:44.566+05:30 DEBUG 2780 --- [urban-drainage-portal] [nio-8081-exec-9] s.w.s.m.m.a.RequestMappingHandlerMapping : Mapped to com.urbandrainage.portal.controller.UserController#getStaffMembers()
2026-09-18T09:05:44.567+05:30 DEBUG 2780 --- [urban-drainage-portal] [nio-8081-exec-7] s.w.s.m.m.a.RequestMappingHandlerMapping : Mapped to com.urbandrainage.portal.controller.NotificationController#getUserNotifications(Long)
2026-09-18T09:05:44.568+05:30 DEBUG 2780 --- [urban-drainage-portal] [nio-8081-exec-8] org.hibernate.SQL                        : select dc1_0.id,dc1_0.address,dc1_0.assigned_staff_id,dc1_0.assigned_staff_name,dc1_0.created_at,dc1_0.description,dc1_0.feedback,dc1_0.feedback_submitted_at,dc1_0.inspection_notes,dc1_0.issue_type,dc1_0.latitude,dc1_0.longitude,dc1_0.maintenance_notes,dc1_0.photo_url,dc1_0.priority,dc1_0.rating,dc1_0.status,dc1_0.updated_at,dc1_0.user_id,dc1_0.user_name from drainage_complaints dc1_0 order by dc1_0.created_at desc
2026-09-18T09:05:44.570+05:30 DEBUG 2780 --- [urban-drainage-portal] [nio-8081-exec-9] org.hibernate.SQL                        : select u1_0.id,u1_0.created_at,u1_0.department,u1_0.email,u1_0.name,u1_0.phone,u1_0.role from users u1_0 where u1_0.role=?
2026-09-18T09:05:44.572+05:30 DEBUG 2780 --- [urban-drainage-portal] [nio-8081-exec-7] org.hibernate.SQL                        : select n1_0.id,n1_0.created_at,n1_0.is_read,n1_0.message,n1_0.title,n1_0.type,n1_0.user_id from notifications n1_0 where n1_0.user_id=? order by n1_0.created_at desc
2026-09-18T09:05:44.684+05:30 DEBUG 2780 --- [urban-drainage-portal] [nio-8081-exec-3] o.s.w.s.m.m.a.HttpEntityMethodProcessor  : Using 'application/json', given [*/*] and supported [application/json, application/*+json]
2026-09-18T09:05:44.684+05:30 DEBUG 2780 --- [urban-drainage-portal] [nio-8081-exec-3] o.s.w.s.m.m.a.HttpEntityMethodProcessor  : Writing [DashboardStatsDTO[totalComplaints=5, submitted=1, underReview=1, assigned=1, inProgress=1, resolved= (truncated)...]
2026-09-18T09:05:44.686+05:30 DEBUG 2780 --- [urban-drainage-portal] [nio-8081-exec-3] o.s.web.servlet.DispatcherServlet        : Completed 200 OK
2026-09-18T09:05:44.902+05:30 DEBUG 2780 --- [urban-drainage-portal] [io-8081-exec-10] org.hibernate.SQL                        : select di1_0.id,di1_0.address,di1_0.created_at,di1_0.description,di1_0.latitude,di1_0.longitude,di1_0.name,di1_0.status,di1_0.type,di1_0.updated_at from drainage_infrastructure di1_0
2026-09-18T09:05:44.953+05:30 DEBUG 2780 --- [urban-drainage-portal] [nio-8081-exec-4] o.s.w.s.m.m.a.HttpEntityMethodProcessor  : Using 'application/json', given [*/*] and supported [application/json, application/*+json]
2026-09-18T09:05:44.953+05:30 DEBUG 2780 --- [urban-drainage-portal] [nio-8081-exec-4] o.s.w.s.m.m.a.HttpEntityMethodProcessor  : Writing [DashboardStatsDTO[totalComplaints=5, submitted=1, underReview=1, assigned=1, inProgress=1, resolved= (truncated)...]
2026-09-18T09:05:44.954+05:30 DEBUG 2780 --- [urban-drainage-portal] [nio-8081-exec-4] o.s.web.servlet.DispatcherServlet        : Completed 200 OK
2026-09-18T09:05:44.964+05:30 DEBUG 2780 --- [urban-drainage-portal] [nio-8081-exec-1] o.s.web.servlet.DispatcherServlet        : GET "/api/complaints/stats", parameters={}
2026-09-18T09:05:44.964+05:30 DEBUG 2780 --- [urban-drainage-portal] [nio-8081-exec-1] s.w.s.m.m.a.RequestMappingHandlerMapping : Mapped to com.urbandrainage.portal.controller.ComplaintController#getStats()
2026-09-18T09:05:44.966+05:30 DEBUG 2780 --- [urban-drainage-portal] [nio-8081-exec-1] org.hibernate.SQL                        : select count(*) from drainage_complaints dc1_0
2026-09-18T09:05:45.211+05:30 DEBUG 2780 --- [urban-drainage-portal] [nio-8081-exec-9] o.s.w.s.m.m.a.HttpEntityMethodProcessor  : Using 'application/json', given [*/*] and supported [application/json, application/*+json]
2026-09-18T09:05:45.211+05:30 DEBUG 2780 --- [urban-drainage-portal] [nio-8081-exec-9] o.s.w.s.m.m.a.HttpEntityMethodProcessor  : Writing [[com.urbandrainage.portal.entity.User@50cbea2a, com.urbandrainage.portal.entity.User@3c12e9ec]]
2026-09-18T09:05:45.213+05:30 DEBUG 2780 --- [urban-drainage-portal] [nio-8081-exec-9] o.s.web.servlet.DispatcherServlet        : Completed 200 OK
2026-09-18T09:05:45.509+05:30 DEBUG 2780 --- [urban-drainage-portal] [io-8081-exec-10] o.s.w.s.m.m.a.HttpEntityMethodProcessor  : Using 'application/json', given [*/*] and supported [application/json, application/*+json]
2026-09-18T09:05:45.510+05:30 DEBUG 2780 --- [urban-drainage-portal] [io-8081-exec-10] o.s.w.s.m.m.a.HttpEntityMethodProcessor  : Writing [[com.urbandrainage.portal.entity.DrainageInfrastructure@1784879c, com.urbandrainage.portal.entity.Dr (truncated)...]
2026-09-18T09:05:45.512+05:30 DEBUG 2780 --- [urban-drainage-portal] [io-8081-exec-10] o.s.web.servlet.DispatcherServlet        : Completed 200 OK
2026-09-18T09:05:45.539+05:30 DEBUG 2780 --- [urban-drainage-portal] [nio-8081-exec-1] org.hibernate.SQL                        : select count(dc1_0.id) from drainage_complaints dc1_0 where dc1_0.status=?
2026-09-18T09:05:45.571+05:30 DEBUG 2780 --- [urban-drainage-portal] [nio-8081-exec-8] o.s.w.s.m.m.a.HttpEntityMethodProcessor  : Using 'application/json', given [*/*] and supported [application/json, application/*+json]
2026-09-18T09:05:45.571+05:30 DEBUG 2780 --- [urban-drainage-portal] [nio-8081-exec-8] o.s.w.s.m.m.a.HttpEntityMethodProcessor  : Writing [[com.urbandrainage.portal.entity.DrainageComplaint@2719c91b, com.urbandrainage.portal.entity.Drainag (truncated)...]
2026-09-18T09:05:45.573+05:30 DEBUG 2780 --- [urban-drainage-portal] [nio-8081-exec-8] o.s.web.servlet.DispatcherServlet        : Completed 200 OK
2026-09-18T09:05:45.694+05:30 DEBUG 2780 --- [urban-drainage-portal] [nio-8081-exec-7] o.s.w.s.m.m.a.HttpEntityMethodProcessor  : Using 'application/json', given [*/*] and supported [application/json, application/*+json]
2026-09-18T09:05:45.695+05:30 DEBUG 2780 --- [urban-drainage-portal] [nio-8081-exec-7] o.s.w.s.m.m.a.HttpEntityMethodProcessor  : Writing [[com.urbandrainage.portal.entity.Notification@79bee70d, com.urbandrainage.portal.entity.Notification (truncated)...]
2026-09-18T09:05:45.697+05:30 DEBUG 2780 --- [urban-drainage-portal] [nio-8081-exec-7] o.s.web.servlet.DispatcherServlet        : Completed 200 OK
2026-09-18T09:05:45.822+05:30 DEBUG 2780 --- [urban-drainage-portal] [nio-8081-exec-1] org.hibernate.SQL                        : select count(dc1_0.id) from drainage_complaints dc1_0 where dc1_0.status=?
2026-09-18T09:05:46.140+05:30 DEBUG 2780 --- [urban-drainage-portal] [nio-8081-exec-1] org.hibernate.SQL                        : select count(dc1_0.id) from drainage_complaints dc1_0 where dc1_0.status=?
2026-09-18T09:05:46.489+05:30 DEBUG 2780 --- [urban-drainage-portal] [nio-8081-exec-1] org.hibernate.SQL                        : select count(dc1_0.id) from drainage_complaints dc1_0 where dc1_0.status=?
2026-09-18T09:05:46.814+05:30 DEBUG 2780 --- [urban-drainage-portal] [nio-8081-exec-1] org.hibernate.SQL                        : select count(dc1_0.id) from drainage_complaints dc1_0 where dc1_0.status=?
2026-09-18T09:05:47.126+05:30 DEBUG 2780 --- [urban-drainage-portal] [nio-8081-exec-1] org.hibernate.SQL                        : select count(dc1_0.id) from drainage_complaints dc1_0 where dc1_0.status=?
2026-09-18T09:05:47.396+05:30 DEBUG 2780 --- [urban-drainage-portal] [nio-8081-exec-1] org.hibernate.SQL                        : select count(dc1_0.id) from drainage_complaints dc1_0 where dc1_0.priority=?
2026-09-18T09:05:47.673+05:30 DEBUG 2780 --- [urban-drainage-portal] [nio-8081-exec-1] org.hibernate.SQL                        : select count(dc1_0.id) from drainage_complaints dc1_0 where dc1_0.priority=?
2026-09-18T09:05:48.035+05:30 DEBUG 2780 --- [urban-drainage-portal] [nio-8081-exec-1] org.hibernate.SQL                        : select count(*) from drainage_infrastructure di1_0
2026-09-18T09:05:48.657+05:30 DEBUG 2780 --- [urban-drainage-portal] [nio-8081-exec-1] o.s.w.s.m.m.a.HttpEntityMethodProcessor  : Using 'application/json', given [*/*] and supported [application/json, application/*+json]
2026-09-18T09:05:48.658+05:30 DEBUG 2780 --- [urban-drainage-portal] [nio-8081-exec-1] o.s.w.s.m.m.a.HttpEntityMethodProcessor  : Writing [DashboardStatsDTO[totalComplaints=5, submitted=1, underReview=1, assigned=1, inProgress=1, resolved= (truncated)...]
2026-09-18T09:05:48.660+05:30 DEBUG 2780 --- [urban-drainage-portal] [nio-8081-exec-1] o.s.web.servlet.DispatcherServlet        : Completed 200 OK
2026-09-18T09:05:48.674+05:30 DEBUG 2780 --- [urban-drainage-portal] [nio-8081-exec-5] o.s.web.servlet.DispatcherServlet        : GET "/api/complaints/stats", parameters={}
2026-09-18T09:05:48.674+05:30 DEBUG 2780 --- [urban-drainage-portal] [nio-8081-exec-5] s.w.s.m.m.a.RequestMappingHandlerMapping : Mapped to com.urbandrainage.portal.controller.ComplaintController#getStats()
2026-09-18T09:05:48.960+05:30 DEBUG 2780 --- [urban-drainage-portal] [nio-8081-exec-5] org.hibernate.SQL                        : select count(*) from drainage_complaints dc1_0
2026-09-18T09:05:49.572+05:30 DEBUG 2780 --- [urban-drainage-portal] [nio-8081-exec-5] org.hibernate.SQL                        : select count(dc1_0.id) from drainage_complaints dc1_0 where dc1_0.status=?
2026-09-18T09:05:49.850+05:30 DEBUG 2780 --- [urban-drainage-portal] [nio-8081-exec-5] org.hibernate.SQL                        : select count(dc1_0.id) from drainage_complaints dc1_0 where dc1_0.status=?
2026-09-18T09:05:50.150+05:30 DEBUG 2780 --- [urban-drainage-portal] [nio-8081-exec-5] org.hibernate.SQL                        : select count(dc1_0.id) from drainage_complaints dc1_0 where dc1_0.status=?
2026-09-18T09:05:50.501+05:30 DEBUG 2780 --- [urban-drainage-portal] [nio-8081-exec-5] org.hibernate.SQL                        : select count(dc1_0.id) from drainage_complaints dc1_0 where dc1_0.status=?
2026-09-18T09:05:50.774+05:30 DEBUG 2780 --- [urban-drainage-portal] [nio-8081-exec-5] org.hibernate.SQL                        : select count(dc1_0.id) from drainage_complaints dc1_0 where dc1_0.status=?
2026-09-18T09:05:51.104+05:30 DEBUG 2780 --- [urban-drainage-portal] [nio-8081-exec-5] org.hibernate.SQL                        : select count(dc1_0.id) from drainage_complaints dc1_0 where dc1_0.status=?
2026-09-18T09:05:51.416+05:30 DEBUG 2780 --- [urban-drainage-portal] [nio-8081-exec-5] org.hibernate.SQL                        : select count(dc1_0.id) from drainage_complaints dc1_0 where dc1_0.priority=?
2026-09-18T09:05:51.705+05:30 DEBUG 2780 --- [urban-drainage-portal] [nio-8081-exec-5] org.hibernate.SQL                        : select count(dc1_0.id) from drainage_complaints dc1_0 where dc1_0.priority=?
2026-09-18T09:05:52.057+05:30 DEBUG 2780 --- [urban-drainage-portal] [nio-8081-exec-5] org.hibernate.SQL                        : select count(*) from drainage_infrastructure di1_0
2026-09-18T09:05:52.609+05:30 DEBUG 2780 --- [urban-drainage-portal] [nio-8081-exec-5] o.s.w.s.m.m.a.HttpEntityMethodProcessor  : Using 'application/json', given [*/*] and supported [application/json, application/*+json]
2026-09-18T09:05:52.609+05:30 DEBUG 2780 --- [urban-drainage-portal] [nio-8081-exec-5] o.s.w.s.m.m.a.HttpEntityMethodProcessor  : Writing [DashboardStatsDTO[totalComplaints=5, submitted=1, underReview=1, assigned=1, inProgress=1, resolved= (truncated)...]
2026-09-18T09:05:52.611+05:30 DEBUG 2780 --- [urban-drainage-portal] [nio-8081-exec-5] o.s.web.servlet.DispatcherServlet        : Completed 200 OK
2026-09-18T09:05:52.624+05:30 DEBUG 2780 --- [urban-drainage-portal] [nio-8081-exec-6] o.s.web.servlet.DispatcherServlet        : GET "/api/complaints/stats", parameters={}
2026-09-18T09:05:52.625+05:30 DEBUG 2780 --- [urban-drainage-portal] [nio-8081-exec-6] s.w.s.m.m.a.RequestMappingHandlerMapping : Mapped to com.urbandrainage.portal.controller.ComplaintController#getStats()
2026-09-18T09:05:52.911+05:30 DEBUG 2780 --- [urban-drainage-portal] [nio-8081-exec-6] org.hibernate.SQL                        : select count(*) from drainage_complaints dc1_0
2026-09-18T09:05:53.585+05:30 DEBUG 2780 --- [urban-drainage-portal] [nio-8081-exec-6] org.hibernate.SQL                        : select count(dc1_0.id) from drainage_complaints dc1_0 where dc1_0.status=?
2026-09-18T09:05:53.860+05:30 DEBUG 2780 --- [urban-drainage-portal] [nio-8081-exec-6] org.hibernate.SQL                        : select count(dc1_0.id) from drainage_complaints dc1_0 where dc1_0.status=?
2026-09-18T09:05:54.129+05:30 DEBUG 2780 --- [urban-drainage-portal] [nio-8081-exec-6] org.hibernate.SQL                        : select count(dc1_0.id) from drainage_complaints dc1_0 where dc1_0.status=?
2026-09-18T09:05:54.406+05:30 DEBUG 2780 --- [urban-drainage-portal] [nio-8081-exec-6] org.hibernate.SQL                        : select count(dc1_0.id) from drainage_complaints dc1_0 where dc1_0.status=?
2026-09-18T09:05:54.722+05:30 DEBUG 2780 --- [urban-drainage-portal] [nio-8081-exec-6] org.hibernate.SQL                        : select count(dc1_0.id) from drainage_complaints dc1_0 where dc1_0.status=?
2026-09-18T09:05:55.030+05:30 DEBUG 2780 --- [urban-drainage-portal] [nio-8081-exec-6] org.hibernate.SQL                        : select count(dc1_0.id) from drainage_complaints dc1_0 where dc1_0.status=?
2026-09-18T09:05:55.429+05:30 DEBUG 2780 --- [urban-drainage-portal] [nio-8081-exec-6] org.hibernate.SQL                        : select count(dc1_0.id) from drainage_complaints dc1_0 where dc1_0.priority=?
2026-09-18T09:05:55.752+05:30 DEBUG 2780 --- [urban-drainage-portal] [nio-8081-exec-6] org.hibernate.SQL                        : select count(dc1_0.id) from drainage_complaints dc1_0 where dc1_0.priority=?
2026-09-18T09:05:56.035+05:30 DEBUG 2780 --- [urban-drainage-portal] [nio-8081-exec-6] org.hibernate.SQL                        : select count(*) from drainage_infrastructure di1_0
2026-09-18T09:05:56.610+05:30 DEBUG 2780 --- [urban-drainage-portal] [nio-8081-exec-6] o.s.w.s.m.m.a.HttpEntityMethodProcessor  : Using 'application/json', given [*/*] and supported [application/json, application/*+json]
2026-09-18T09:05:56.610+05:30 DEBUG 2780 --- [urban-drainage-portal] [nio-8081-exec-6] o.s.w.s.m.m.a.HttpEntityMethodProcessor  : Writing [DashboardStatsDTO[totalComplaints=5, submitted=1, underReview=1, assigned=1, inProgress=1, resolved= (truncated)...]
2026-09-18T09:05:56.825+05:30 DEBUG 2780 --- [urban-drainage-portal] [nio-8081-exec-6] o.s.web.servlet.DispatcherServlet        : Completed 200 OK
2026-09-18T09:08:27.495+05:30 DEBUG 2780 --- [urban-drainage-portal] [nio-8081-exec-2] o.s.web.servlet.DispatcherServlet        : GET "/api/complaints", parameters={}
2026-09-18T09:08:27.495+05:30 DEBUG 2780 --- [urban-drainage-portal] [nio-8081-exec-3] o.s.web.servlet.DispatcherServlet        : GET "/api/drainage/infrastructure", parameters={}
2026-09-18T09:08:27.495+05:30 DEBUG 2780 --- [urban-drainage-portal] [nio-8081-exec-4] o.s.web.servlet.DispatcherServlet        : GET "/api/complaints/stats", parameters={}
2026-09-18T09:08:27.495+05:30 DEBUG 2780 --- [urban-drainage-portal] [nio-8081-exec-9] o.s.web.servlet.DispatcherServlet        : GET "/api/users/staff", parameters={}
2026-09-18T09:08:27.495+05:30 DEBUG 2780 --- [urban-drainage-portal] [io-8081-exec-10] o.s.web.servlet.DispatcherServlet        : GET "/api/notifications/user/2", parameters={}
2026-09-18T09:08:27.496+05:30 DEBUG 2780 --- [urban-drainage-portal] [nio-8081-exec-9] s.w.s.m.m.a.RequestMappingHandlerMapping : Mapped to com.urbandrainage.portal.controller.UserController#getStaffMembers()
2026-09-18T09:08:27.496+05:30 DEBUG 2780 --- [urban-drainage-portal] [nio-8081-exec-3] s.w.s.m.m.a.RequestMappingHandlerMapping : Mapped to com.urbandrainage.portal.controller.InfrastructureController#getAllInfrastructure()
2026-09-18T09:08:27.496+05:30 DEBUG 2780 --- [urban-drainage-portal] [nio-8081-exec-4] s.w.s.m.m.a.RequestMappingHandlerMapping : Mapped to com.urbandrainage.portal.controller.ComplaintController#getStats()
2026-09-18T09:08:27.496+05:30 DEBUG 2780 --- [urban-drainage-portal] [nio-8081-exec-2] s.w.s.m.m.a.RequestMappingHandlerMapping : Mapped to com.urbandrainage.portal.controller.ComplaintController#getAllComplaints()
2026-09-18T09:08:27.497+05:30 DEBUG 2780 --- [urban-drainage-portal] [io-8081-exec-10] s.w.s.m.m.a.RequestMappingHandlerMapping : Mapped to com.urbandrainage.portal.controller.NotificationController#getUserNotifications(Long)
2026-09-18T09:08:27.503+05:30 DEBUG 2780 --- [urban-drainage-portal] [nio-8081-exec-9] org.hibernate.SQL                        : select u1_0.id,u1_0.created_at,u1_0.department,u1_0.email,u1_0.name,u1_0.phone,u1_0.role from users u1_0 where u1_0.role=?
2026-09-18T09:08:27.503+05:30 DEBUG 2780 --- [urban-drainage-portal] [nio-8081-exec-2] org.hibernate.SQL                        : select dc1_0.id,dc1_0.address,dc1_0.assigned_staff_id,dc1_0.assigned_staff_name,dc1_0.created_at,dc1_0.description,dc1_0.feedback,dc1_0.feedback_submitted_at,dc1_0.inspection_notes,dc1_0.issue_type,dc1_0.latitude,dc1_0.longitude,dc1_0.maintenance_notes,dc1_0.photo_url,dc1_0.priority,dc1_0.rating,dc1_0.status,dc1_0.updated_at,dc1_0.user_id,dc1_0.user_name from drainage_complaints dc1_0 order by dc1_0.created_at desc
2026-09-18T09:08:27.503+05:30 DEBUG 2780 --- [urban-drainage-portal] [io-8081-exec-10] org.hibernate.SQL                        : select n1_0.id,n1_0.created_at,n1_0.is_read,n1_0.message,n1_0.title,n1_0.type,n1_0.user_id from notifications n1_0 where n1_0.user_id=? order by n1_0.created_at desc
2026-09-18T09:08:27.774+05:30 DEBUG 2780 --- [urban-drainage-portal] [nio-8081-exec-4] org.hibernate.SQL                        : select count(*) from drainage_complaints dc1_0
2026-09-18T09:08:27.784+05:30 DEBUG 2780 --- [urban-drainage-portal] [nio-8081-exec-3] org.hibernate.SQL                        : select di1_0.id,di1_0.address,di1_0.created_at,di1_0.description,di1_0.latitude,di1_0.longitude,di1_0.name,di1_0.status,di1_0.type,di1_0.updated_at from drainage_infrastructure di1_0
2026-09-18T09:08:28.084+05:30 DEBUG 2780 --- [urban-drainage-portal] [io-8081-exec-10] o.s.w.s.m.m.a.HttpEntityMethodProcessor  : Using 'application/json', given [*/*] and supported [application/json, application/*+json]
2026-09-18T09:08:28.085+05:30 DEBUG 2780 --- [urban-drainage-portal] [io-8081-exec-10] o.s.w.s.m.m.a.HttpEntityMethodProcessor  : Writing [[]]
2026-09-18T09:08:28.085+05:30 DEBUG 2780 --- [urban-drainage-portal] [nio-8081-exec-9] o.s.w.s.m.m.a.HttpEntityMethodProcessor  : Using 'application/json', given [*/*] and supported [application/json, application/*+json]
2026-09-18T09:08:28.085+05:30 DEBUG 2780 --- [urban-drainage-portal] [nio-8081-exec-2] o.s.w.s.m.m.a.HttpEntityMethodProcessor  : Using 'application/json', given [*/*] and supported [application/json, application/*+json]
2026-09-18T09:08:28.086+05:30 DEBUG 2780 --- [urban-drainage-portal] [nio-8081-exec-2] o.s.w.s.m.m.a.HttpEntityMethodProcessor  : Writing [[com.urbandrainage.portal.entity.DrainageComplaint@45141a9, com.urbandrainage.portal.entity.Drainage (truncated)...]
2026-09-18T09:08:28.086+05:30 DEBUG 2780 --- [urban-drainage-portal] [nio-8081-exec-9] o.s.w.s.m.m.a.HttpEntityMethodProcessor  : Writing [[com.urbandrainage.portal.entity.User@6c98f696, com.urbandrainage.portal.entity.User@4bda71d3]]
2026-09-18T09:08:28.087+05:30 DEBUG 2780 --- [urban-drainage-portal] [io-8081-exec-10] o.s.web.servlet.DispatcherServlet        : Completed 200 OK
2026-09-18T09:08:28.087+05:30 DEBUG 2780 --- [urban-drainage-portal] [nio-8081-exec-2] o.s.web.servlet.DispatcherServlet        : Completed 200 OK
2026-09-18T09:08:28.088+05:30 DEBUG 2780 --- [urban-drainage-portal] [nio-8081-exec-9] o.s.web.servlet.DispatcherServlet        : Completed 200 OK
2026-09-18T09:08:28.265+05:30 DEBUG 2780 --- [urban-drainage-portal] [nio-8081-exec-8] o.s.web.servlet.DispatcherServlet        : GET "/api/complaints", parameters={}
2026-09-18T09:08:28.266+05:30 DEBUG 2780 --- [urban-drainage-portal] [nio-8081-exec-8] s.w.s.m.m.a.RequestMappingHandlerMapping : Mapped to com.urbandrainage.portal.controller.ComplaintController#getAllComplaints()
2026-09-18T09:08:28.266+05:30 DEBUG 2780 --- [urban-drainage-portal] [nio-8081-exec-7] o.s.web.servlet.DispatcherServlet        : GET "/api/users/staff", parameters={}
2026-09-18T09:08:28.267+05:30 DEBUG 2780 --- [urban-drainage-portal] [nio-8081-exec-1] o.s.web.servlet.DispatcherServlet        : GET "/api/notifications/user/4", parameters={}
2026-09-18T09:08:28.267+05:30 DEBUG 2780 --- [urban-drainage-portal] [nio-8081-exec-1] s.w.s.m.m.a.RequestMappingHandlerMapping : Mapped to com.urbandrainage.portal.controller.NotificationController#getUserNotifications(Long)
2026-09-18T09:08:28.267+05:30 DEBUG 2780 --- [urban-drainage-portal] [nio-8081-exec-7] s.w.s.m.m.a.RequestMappingHandlerMapping : Mapped to com.urbandrainage.portal.controller.UserController#getStaffMembers()
2026-09-18T09:08:28.270+05:30 DEBUG 2780 --- [urban-drainage-portal] [nio-8081-exec-8] org.hibernate.SQL                        : select dc1_0.id,dc1_0.address,dc1_0.assigned_staff_id,dc1_0.assigned_staff_name,dc1_0.created_at,dc1_0.description,dc1_0.feedback,dc1_0.feedback_submitted_at,dc1_0.inspection_notes,dc1_0.issue_type,dc1_0.latitude,dc1_0.longitude,dc1_0.maintenance_notes,dc1_0.photo_url,dc1_0.priority,dc1_0.rating,dc1_0.status,dc1_0.updated_at,dc1_0.user_id,dc1_0.user_name from drainage_complaints dc1_0 order by dc1_0.created_at desc
2026-09-18T09:08:28.271+05:30 DEBUG 2780 --- [urban-drainage-portal] [nio-8081-exec-1] org.hibernate.SQL                        : select n1_0.id,n1_0.created_at,n1_0.is_read,n1_0.message,n1_0.title,n1_0.type,n1_0.user_id from notifications n1_0 where n1_0.user_id=? order by n1_0.created_at desc
2026-09-18T09:08:28.272+05:30 DEBUG 2780 --- [urban-drainage-portal] [nio-8081-exec-7] org.hibernate.SQL                        : select u1_0.id,u1_0.created_at,u1_0.department,u1_0.email,u1_0.name,u1_0.phone,u1_0.role from users u1_0 where u1_0.role=?
2026-09-18T09:08:28.387+05:30 DEBUG 2780 --- [urban-drainage-portal] [nio-8081-exec-3] o.s.w.s.m.m.a.HttpEntityMethodProcessor  : Using 'application/json', given [*/*] and supported [application/json, application/*+json]
2026-09-18T09:08:28.387+05:30 DEBUG 2780 --- [urban-drainage-portal] [nio-8081-exec-3] o.s.w.s.m.m.a.HttpEntityMethodProcessor  : Writing [[com.urbandrainage.portal.entity.DrainageInfrastructure@6c204c9a, com.urbandrainage.portal.entity.Dr (truncated)...]
2026-09-18T09:08:28.388+05:30 DEBUG 2780 --- [urban-drainage-portal] [nio-8081-exec-4] org.hibernate.SQL                        : select count(dc1_0.id) from drainage_complaints dc1_0 where dc1_0.status=?
2026-09-18T09:08:28.389+05:30 DEBUG 2780 --- [urban-drainage-portal] [nio-8081-exec-3] o.s.web.servlet.DispatcherServlet        : Completed 200 OK
2026-09-18T09:08:28.401+05:30 DEBUG 2780 --- [urban-drainage-portal] [nio-8081-exec-5] o.s.web.servlet.DispatcherServlet        : GET "/api/drainage/infrastructure", parameters={}
2026-09-18T09:08:28.402+05:30 DEBUG 2780 --- [urban-drainage-portal] [nio-8081-exec-5] s.w.s.m.m.a.RequestMappingHandlerMapping : Mapped to com.urbandrainage.portal.controller.InfrastructureController#getAllInfrastructure()
2026-09-18T09:08:28.405+05:30 DEBUG 2780 --- [urban-drainage-portal] [nio-8081-exec-5] org.hibernate.SQL                        : select di1_0.id,di1_0.address,di1_0.created_at,di1_0.description,di1_0.latitude,di1_0.longitude,di1_0.name,di1_0.status,di1_0.type,di1_0.updated_at from drainage_infrastructure di1_0
2026-09-18T09:08:28.753+05:30 DEBUG 2780 --- [urban-drainage-portal] [nio-8081-exec-1] o.s.w.s.m.m.a.HttpEntityMethodProcessor  : Using 'application/json', given [*/*] and supported [application/json, application/*+json]
2026-09-18T09:08:28.754+05:30 DEBUG 2780 --- [urban-drainage-portal] [nio-8081-exec-1] o.s.w.s.m.m.a.HttpEntityMethodProcessor  : Writing [[]]
2026-09-18T09:08:28.754+05:30 DEBUG 2780 --- [urban-drainage-portal] [nio-8081-exec-7] o.s.w.s.m.m.a.HttpEntityMethodProcessor  : Using 'application/json', given [*/*] and supported [application/json, application/*+json]
2026-09-18T09:08:28.754+05:30 DEBUG 2780 --- [urban-drainage-portal] [nio-8081-exec-7] o.s.w.s.m.m.a.HttpEntityMethodProcessor  : Writing [[com.urbandrainage.portal.entity.User@1972af8f, com.urbandrainage.portal.entity.User@5d39efdf]]
2026-09-18T09:08:28.755+05:30 DEBUG 2780 --- [urban-drainage-portal] [nio-8081-exec-1] o.s.web.servlet.DispatcherServlet        : Completed 200 OK
2026-09-18T09:08:28.755+05:30 DEBUG 2780 --- [urban-drainage-portal] [nio-8081-exec-4] org.hibernate.SQL                        : select count(dc1_0.id) from drainage_complaints dc1_0 where dc1_0.status=?
2026-09-18T09:08:28.755+05:30 DEBUG 2780 --- [urban-drainage-portal] [nio-8081-exec-7] o.s.web.servlet.DispatcherServlet        : Completed 200 OK
2026-09-18T09:08:29.020+05:30 DEBUG 2780 --- [urban-drainage-portal] [nio-8081-exec-5] o.s.w.s.m.m.a.HttpEntityMethodProcessor  : Using 'application/json', given [*/*] and supported [application/json, application/*+json]
2026-09-18T09:08:29.020+05:30 DEBUG 2780 --- [urban-drainage-portal] [nio-8081-exec-5] o.s.w.s.m.m.a.HttpEntityMethodProcessor  : Writing [[com.urbandrainage.portal.entity.DrainageInfrastructure@8277af5, com.urbandrainage.portal.entity.Dra (truncated)...]
2026-09-18T09:08:29.021+05:30 DEBUG 2780 --- [urban-drainage-portal] [nio-8081-exec-8] o.s.w.s.m.m.a.HttpEntityMethodProcessor  : Using 'application/json', given [*/*] and supported [application/json, application/*+json]
2026-09-18T09:08:29.021+05:30 DEBUG 2780 --- [urban-drainage-portal] [nio-8081-exec-4] org.hibernate.SQL                        : select count(dc1_0.id) from drainage_complaints dc1_0 where dc1_0.status=?
2026-09-18T09:08:29.022+05:30 DEBUG 2780 --- [urban-drainage-portal] [nio-8081-exec-5] o.s.web.servlet.DispatcherServlet        : Completed 200 OK
2026-09-18T09:08:29.022+05:30 DEBUG 2780 --- [urban-drainage-portal] [nio-8081-exec-8] o.s.w.s.m.m.a.HttpEntityMethodProcessor  : Writing [[com.urbandrainage.portal.entity.DrainageComplaint@726dad5e, com.urbandrainage.portal.entity.Drainag (truncated)...]
2026-09-18T09:08:29.024+05:30 DEBUG 2780 --- [urban-drainage-portal] [nio-8081-exec-8] o.s.web.servlet.DispatcherServlet        : Completed 200 OK
2026-09-18T09:08:29.311+05:30 DEBUG 2780 --- [urban-drainage-portal] [nio-8081-exec-4] org.hibernate.SQL                        : select count(dc1_0.id) from drainage_complaints dc1_0 where dc1_0.status=?
2026-09-18T09:08:29.625+05:30 DEBUG 2780 --- [urban-drainage-portal] [nio-8081-exec-4] org.hibernate.SQL                        : select count(dc1_0.id) from drainage_complaints dc1_0 where dc1_0.status=?
2026-09-18T09:08:29.925+05:30 DEBUG 2780 --- [urban-drainage-portal] [nio-8081-exec-4] org.hibernate.SQL                        : select count(dc1_0.id) from drainage_complaints dc1_0 where dc1_0.status=?
2026-09-18T09:08:30.251+05:30 DEBUG 2780 --- [urban-drainage-portal] [nio-8081-exec-4] org.hibernate.SQL                        : select count(dc1_0.id) from drainage_complaints dc1_0 where dc1_0.priority=?
2026-09-18T09:08:30.520+05:30 DEBUG 2780 --- [urban-drainage-portal] [nio-8081-exec-4] org.hibernate.SQL                        : select count(dc1_0.id) from drainage_complaints dc1_0 where dc1_0.priority=?
2026-09-18T09:08:30.811+05:30 DEBUG 2780 --- [urban-drainage-portal] [nio-8081-exec-4] org.hibernate.SQL                        : select count(*) from drainage_infrastructure di1_0
2026-09-18T09:08:32.159+05:30 DEBUG 2780 --- [urban-drainage-portal] [nio-8081-exec-4] o.s.w.s.m.m.a.HttpEntityMethodProcessor  : Using 'application/json', given [*/*] and supported [application/json, application/*+json]
2026-09-18T09:08:32.159+05:30 DEBUG 2780 --- [urban-drainage-portal] [nio-8081-exec-4] o.s.w.s.m.m.a.HttpEntityMethodProcessor  : Writing [DashboardStatsDTO[totalComplaints=5, submitted=1, underReview=1, assigned=1, inProgress=1, resolved= (truncated)...]
2026-09-18T09:08:32.161+05:30 DEBUG 2780 --- [urban-drainage-portal] [nio-8081-exec-4] o.s.web.servlet.DispatcherServlet        : Completed 200 OK
2026-09-18T09:08:32.175+05:30 DEBUG 2780 --- [urban-drainage-portal] [nio-8081-exec-6] o.s.web.servlet.DispatcherServlet        : GET "/api/complaints/stats", parameters={}
2026-09-18T09:08:32.176+05:30 DEBUG 2780 --- [urban-drainage-portal] [nio-8081-exec-6] s.w.s.m.m.a.RequestMappingHandlerMapping : Mapped to com.urbandrainage.portal.controller.ComplaintController#getStats()
2026-09-18T09:08:32.448+05:30 DEBUG 2780 --- [urban-drainage-portal] [nio-8081-exec-6] org.hibernate.SQL                        : select count(*) from drainage_complaints dc1_0
2026-09-18T09:08:32.991+05:30 DEBUG 2780 --- [urban-drainage-portal] [nio-8081-exec-6] org.hibernate.SQL                        : select count(dc1_0.id) from drainage_complaints dc1_0 where dc1_0.status=?
2026-09-18T09:08:33.390+05:30 DEBUG 2780 --- [urban-drainage-portal] [nio-8081-exec-6] org.hibernate.SQL                        : select count(dc1_0.id) from drainage_complaints dc1_0 where dc1_0.status=?
2026-09-18T09:08:33.678+05:30 DEBUG 2780 --- [urban-drainage-portal] [nio-8081-exec-6] org.hibernate.SQL                        : select count(dc1_0.id) from drainage_complaints dc1_0 where dc1_0.status=?
2026-09-18T09:08:33.987+05:30 DEBUG 2780 --- [urban-drainage-portal] [nio-8081-exec-6] org.hibernate.SQL                        : select count(dc1_0.id) from drainage_complaints dc1_0 where dc1_0.status=?
2026-09-18T09:08:34.292+05:30 DEBUG 2780 --- [urban-drainage-portal] [nio-8081-exec-6] org.hibernate.SQL                        : select count(dc1_0.id) from drainage_complaints dc1_0 where dc1_0.status=?
2026-09-18T09:08:34.581+05:30 DEBUG 2780 --- [urban-drainage-portal] [nio-8081-exec-6] org.hibernate.SQL                        : select count(dc1_0.id) from drainage_complaints dc1_0 where dc1_0.status=?
2026-09-18T09:08:34.870+05:30 DEBUG 2780 --- [urban-drainage-portal] [nio-8081-exec-6] org.hibernate.SQL                        : select count(dc1_0.id) from drainage_complaints dc1_0 where dc1_0.priority=?
2026-09-18T09:08:35.163+05:30 DEBUG 2780 --- [urban-drainage-portal] [nio-8081-exec-6] org.hibernate.SQL                        : select count(dc1_0.id) from drainage_complaints dc1_0 where dc1_0.priority=?
2026-09-18T09:08:35.431+05:30 DEBUG 2780 --- [urban-drainage-portal] [nio-8081-exec-6] org.hibernate.SQL                        : select count(*) from drainage_infrastructure di1_0
2026-09-18T09:08:36.063+05:30 DEBUG 2780 --- [urban-drainage-portal] [nio-8081-exec-6] o.s.w.s.m.m.a.HttpEntityMethodProcessor  : Using 'application/json', given [*/*] and supported [application/json, application/*+json]
2026-09-18T09:08:36.064+05:30 DEBUG 2780 --- [urban-drainage-portal] [nio-8081-exec-6] o.s.w.s.m.m.a.HttpEntityMethodProcessor  : Writing [DashboardStatsDTO[totalComplaints=5, submitted=1, underReview=1, assigned=1, inProgress=1, resolved= (truncated)...]
2026-09-18T09:08:36.065+05:30 DEBUG 2780 --- [urban-drainage-portal] [nio-8081-exec-6] o.s.web.servlet.DispatcherServlet        : Completed 200 OK
2026-09-18T09:08:43.080+05:30 DEBUG 2780 --- [urban-drainage-portal] [io-8081-exec-10] o.s.web.servlet.DispatcherServlet        : GET "/api/complaints", parameters={}
2026-09-18T09:08:43.080+05:30 DEBUG 2780 --- [urban-drainage-portal] [nio-8081-exec-2] o.s.web.servlet.DispatcherServlet        : GET "/api/drainage/infrastructure", parameters={}
2026-09-18T09:08:43.081+05:30 DEBUG 2780 --- [urban-drainage-portal] [nio-8081-exec-3] o.s.web.servlet.DispatcherServlet        : GET "/api/notifications/user/1", parameters={}
2026-09-18T09:08:43.081+05:30 DEBUG 2780 --- [urban-drainage-portal] [nio-8081-exec-9] o.s.web.servlet.DispatcherServlet        : GET "/api/users/staff", parameters={}
2026-09-18T09:08:43.081+05:30 DEBUG 2780 --- [urban-drainage-portal] [nio-8081-exec-2] s.w.s.m.m.a.RequestMappingHandlerMapping : Mapped to com.urbandrainage.portal.controller.InfrastructureController#getAllInfrastructure()
2026-09-18T09:08:43.081+05:30 DEBUG 2780 --- [urban-drainage-portal] [io-8081-exec-10] s.w.s.m.m.a.RequestMappingHandlerMapping : Mapped to com.urbandrainage.portal.controller.ComplaintController#getAllComplaints()
2026-09-18T09:08:43.081+05:30 DEBUG 2780 --- [urban-drainage-portal] [nio-8081-exec-9] s.w.s.m.m.a.RequestMappingHandlerMapping : Mapped to com.urbandrainage.portal.controller.UserController#getStaffMembers()
2026-09-18T09:08:43.081+05:30 DEBUG 2780 --- [urban-drainage-portal] [nio-8081-exec-1] o.s.web.servlet.DispatcherServlet        : GET "/api/complaints/stats", parameters={}
2026-09-18T09:08:43.082+05:30 DEBUG 2780 --- [urban-drainage-portal] [nio-8081-exec-3] s.w.s.m.m.a.RequestMappingHandlerMapping : Mapped to com.urbandrainage.portal.controller.NotificationController#getUserNotifications(Long)
2026-09-18T09:08:43.082+05:30 DEBUG 2780 --- [urban-drainage-portal] [nio-8081-exec-1] s.w.s.m.m.a.RequestMappingHandlerMapping : Mapped to com.urbandrainage.portal.controller.ComplaintController#getStats()
2026-09-18T09:08:43.086+05:30 DEBUG 2780 --- [urban-drainage-portal] [io-8081-exec-10] org.hibernate.SQL                        : select dc1_0.id,dc1_0.address,dc1_0.assigned_staff_id,dc1_0.assigned_staff_name,dc1_0.created_at,dc1_0.description,dc1_0.feedback,dc1_0.feedback_submitted_at,dc1_0.inspection_notes,dc1_0.issue_type,dc1_0.latitude,dc1_0.longitude,dc1_0.maintenance_notes,dc1_0.photo_url,dc1_0.priority,dc1_0.rating,dc1_0.status,dc1_0.updated_at,dc1_0.user_id,dc1_0.user_name from drainage_complaints dc1_0 order by dc1_0.created_at desc
2026-09-18T09:08:43.086+05:30 DEBUG 2780 --- [urban-drainage-portal] [nio-8081-exec-3] org.hibernate.SQL                        : select n1_0.id,n1_0.created_at,n1_0.is_read,n1_0.message,n1_0.title,n1_0.type,n1_0.user_id from notifications n1_0 where n1_0.user_id=? order by n1_0.created_at desc
2026-09-18T09:08:43.086+05:30 DEBUG 2780 --- [urban-drainage-portal] [nio-8081-exec-9] org.hibernate.SQL                        : select u1_0.id,u1_0.created_at,u1_0.department,u1_0.email,u1_0.name,u1_0.phone,u1_0.role from users u1_0 where u1_0.role=?
2026-09-18T09:08:43.432+05:30 DEBUG 2780 --- [urban-drainage-portal] [nio-8081-exec-1] org.hibernate.SQL                        : select count(*) from drainage_complaints dc1_0
2026-09-18T09:08:43.433+05:30 DEBUG 2780 --- [urban-drainage-portal] [nio-8081-exec-2] org.hibernate.SQL                        : select di1_0.id,di1_0.address,di1_0.created_at,di1_0.description,di1_0.latitude,di1_0.longitude,di1_0.name,di1_0.status,di1_0.type,di1_0.updated_at from drainage_infrastructure di1_0
2026-09-18T09:08:43.729+05:30 DEBUG 2780 --- [urban-drainage-portal] [nio-8081-exec-9] o.s.w.s.m.m.a.HttpEntityMethodProcessor  : Using 'application/json', given [*/*] and supported [application/json, application/*+json]
2026-09-18T09:08:43.729+05:30 DEBUG 2780 --- [urban-drainage-portal] [nio-8081-exec-3] o.s.w.s.m.m.a.HttpEntityMethodProcessor  : Using 'application/json', given [*/*] and supported [application/json, application/*+json]
2026-09-18T09:08:43.729+05:30 DEBUG 2780 --- [urban-drainage-portal] [io-8081-exec-10] o.s.w.s.m.m.a.HttpEntityMethodProcessor  : Using 'application/json', given [*/*] and supported [application/json, application/*+json]
2026-09-18T09:08:43.730+05:30 DEBUG 2780 --- [urban-drainage-portal] [nio-8081-exec-9] o.s.w.s.m.m.a.HttpEntityMethodProcessor  : Writing [[com.urbandrainage.portal.entity.User@3d700472, com.urbandrainage.portal.entity.User@5a17880a]]
2026-09-18T09:08:43.730+05:30 DEBUG 2780 --- [urban-drainage-portal] [nio-8081-exec-3] o.s.w.s.m.m.a.HttpEntityMethodProcessor  : Writing [[com.urbandrainage.portal.entity.Notification@555fd4da, com.urbandrainage.portal.entity.Notification (truncated)...]
2026-09-18T09:08:43.730+05:30 DEBUG 2780 --- [urban-drainage-portal] [io-8081-exec-10] o.s.w.s.m.m.a.HttpEntityMethodProcessor  : Writing [[com.urbandrainage.portal.entity.DrainageComplaint@f7c5237, com.urbandrainage.portal.entity.Drainage (truncated)...]
2026-09-18T09:08:43.732+05:30 DEBUG 2780 --- [urban-drainage-portal] [nio-8081-exec-3] o.s.web.servlet.DispatcherServlet        : Completed 200 OK
2026-09-18T09:08:43.732+05:30 DEBUG 2780 --- [urban-drainage-portal] [io-8081-exec-10] o.s.web.servlet.DispatcherServlet        : Completed 200 OK
2026-09-18T09:08:43.732+05:30 DEBUG 2780 --- [urban-drainage-portal] [nio-8081-exec-9] o.s.web.servlet.DispatcherServlet        : Completed 200 OK
2026-09-18T09:08:44.007+05:30 DEBUG 2780 --- [urban-drainage-portal] [nio-8081-exec-2] o.s.w.s.m.m.a.HttpEntityMethodProcessor  : Using 'application/json', given [*/*] and supported [application/json, application/*+json]
2026-09-18T09:08:44.007+05:30 DEBUG 2780 --- [urban-drainage-portal] [nio-8081-exec-2] o.s.w.s.m.m.a.HttpEntityMethodProcessor  : Writing [[com.urbandrainage.portal.entity.DrainageInfrastructure@2c6fab72, com.urbandrainage.portal.entity.Dr (truncated)...]
2026-09-18T09:08:44.009+05:30 DEBUG 2780 --- [urban-drainage-portal] [nio-8081-exec-1] org.hibernate.SQL                        : select count(dc1_0.id) from drainage_complaints dc1_0 where dc1_0.status=?
2026-09-18T09:08:44.009+05:30 DEBUG 2780 --- [urban-drainage-portal] [nio-8081-exec-2] o.s.web.servlet.DispatcherServlet        : Completed 200 OK
2026-09-18T09:08:44.286+05:30 DEBUG 2780 --- [urban-drainage-portal] [nio-8081-exec-1] org.hibernate.SQL                        : select count(dc1_0.id) from drainage_complaints dc1_0 where dc1_0.status=?
2026-09-18T09:08:44.530+05:30 DEBUG 2780 --- [urban-drainage-portal] [nio-8081-exec-5] o.s.web.servlet.DispatcherServlet        : GET "/api/drainage/infrastructure", parameters={}
2026-09-18T09:08:44.530+05:30 DEBUG 2780 --- [urban-drainage-portal] [nio-8081-exec-8] o.s.web.servlet.DispatcherServlet        : GET "/api/users/staff", parameters={}
2026-09-18T09:08:44.530+05:30 DEBUG 2780 --- [urban-drainage-portal] [nio-8081-exec-7] o.s.web.servlet.DispatcherServlet        : GET "/api/complaints", parameters={}
2026-09-18T09:08:44.531+05:30 DEBUG 2780 --- [urban-drainage-portal] [nio-8081-exec-5] s.w.s.m.m.a.RequestMappingHandlerMapping : Mapped to com.urbandrainage.portal.controller.InfrastructureController#getAllInfrastructure()
2026-09-18T09:08:44.531+05:30 DEBUG 2780 --- [urban-drainage-portal] [nio-8081-exec-8] s.w.s.m.m.a.RequestMappingHandlerMapping : Mapped to com.urbandrainage.portal.controller.UserController#getStaffMembers()
2026-09-18T09:08:44.531+05:30 DEBUG 2780 --- [urban-drainage-portal] [nio-8081-exec-4] o.s.web.servlet.DispatcherServlet        : GET "/api/notifications/user/2", parameters={}
2026-09-18T09:08:44.531+05:30 DEBUG 2780 --- [urban-drainage-portal] [nio-8081-exec-7] s.w.s.m.m.a.RequestMappingHandlerMapping : Mapped to com.urbandrainage.portal.controller.ComplaintController#getAllComplaints()
2026-09-18T09:08:44.532+05:30 DEBUG 2780 --- [urban-drainage-portal] [nio-8081-exec-4] s.w.s.m.m.a.RequestMappingHandlerMapping : Mapped to com.urbandrainage.portal.controller.NotificationController#getUserNotifications(Long)
2026-09-18T09:08:44.535+05:30 DEBUG 2780 --- [urban-drainage-portal] [nio-8081-exec-7] org.hibernate.SQL                        : select dc1_0.id,dc1_0.address,dc1_0.assigned_staff_id,dc1_0.assigned_staff_name,dc1_0.created_at,dc1_0.description,dc1_0.feedback,dc1_0.feedback_submitted_at,dc1_0.inspection_notes,dc1_0.issue_type,dc1_0.latitude,dc1_0.longitude,dc1_0.maintenance_notes,dc1_0.photo_url,dc1_0.priority,dc1_0.rating,dc1_0.status,dc1_0.updated_at,dc1_0.user_id,dc1_0.user_name from drainage_complaints dc1_0 order by dc1_0.created_at desc
2026-09-18T09:08:44.535+05:30 DEBUG 2780 --- [urban-drainage-portal] [nio-8081-exec-8] org.hibernate.SQL                        : select u1_0.id,u1_0.created_at,u1_0.department,u1_0.email,u1_0.name,u1_0.phone,u1_0.role from users u1_0 where u1_0.role=?
2026-09-18T09:08:44.535+05:30 DEBUG 2780 --- [urban-drainage-portal] [nio-8081-exec-4] org.hibernate.SQL                        : select n1_0.id,n1_0.created_at,n1_0.is_read,n1_0.message,n1_0.title,n1_0.type,n1_0.user_id from notifications n1_0 where n1_0.user_id=? order by n1_0.created_at desc
2026-09-18T09:08:44.615+05:30 DEBUG 2780 --- [urban-drainage-portal] [nio-8081-exec-1] org.hibernate.SQL                        : select count(dc1_0.id) from drainage_complaints dc1_0 where dc1_0.status=?
2026-09-18T09:08:44.983+05:30 DEBUG 2780 --- [urban-drainage-portal] [nio-8081-exec-5] org.hibernate.SQL                        : select di1_0.id,di1_0.address,di1_0.created_at,di1_0.description,di1_0.latitude,di1_0.longitude,di1_0.name,di1_0.status,di1_0.type,di1_0.updated_at from drainage_infrastructure di1_0
2026-09-18T09:08:44.983+05:30 DEBUG 2780 --- [urban-drainage-portal] [nio-8081-exec-1] org.hibernate.SQL                        : select count(dc1_0.id) from drainage_complaints dc1_0 where dc1_0.status=?
2026-09-18T09:08:45.258+05:30 DEBUG 2780 --- [urban-drainage-portal] [nio-8081-exec-4] o.s.w.s.m.m.a.HttpEntityMethodProcessor  : Using 'application/json', given [*/*] and supported [application/json, application/*+json]
2026-09-18T09:08:45.259+05:30 DEBUG 2780 --- [urban-drainage-portal] [nio-8081-exec-4] o.s.w.s.m.m.a.HttpEntityMethodProcessor  : Writing [[]]
2026-09-18T09:08:45.259+05:30 DEBUG 2780 --- [urban-drainage-portal] [nio-8081-exec-8] o.s.w.s.m.m.a.HttpEntityMethodProcessor  : Using 'application/json', given [*/*] and supported [application/json, application/*+json]
2026-09-18T09:08:45.259+05:30 DEBUG 2780 --- [urban-drainage-portal] [nio-8081-exec-8] o.s.w.s.m.m.a.HttpEntityMethodProcessor  : Writing [[com.urbandrainage.portal.entity.User@5d53d680, com.urbandrainage.portal.entity.User@ee6913d]]
2026-09-18T09:08:45.260+05:30 DEBUG 2780 --- [urban-drainage-portal] [nio-8081-exec-7] o.s.w.s.m.m.a.HttpEntityMethodProcessor  : Using 'application/json', given [*/*] and supported [application/json, application/*+json]
2026-09-18T09:08:45.260+05:30 DEBUG 2780 --- [urban-drainage-portal] [nio-8081-exec-1] org.hibernate.SQL                        : select count(dc1_0.id) from drainage_complaints dc1_0 where dc1_0.status=?
2026-09-18T09:08:45.260+05:30 DEBUG 2780 --- [urban-drainage-portal] [nio-8081-exec-7] o.s.w.s.m.m.a.HttpEntityMethodProcessor  : Writing [[com.urbandrainage.portal.entity.DrainageComplaint@d1aceb4, com.urbandrainage.portal.entity.Drainage (truncated)...]
2026-09-18T09:08:45.260+05:30 DEBUG 2780 --- [urban-drainage-portal] [nio-8081-exec-4] o.s.web.servlet.DispatcherServlet        : Completed 200 OK
2026-09-18T09:08:45.260+05:30 DEBUG 2780 --- [urban-drainage-portal] [nio-8081-exec-8] o.s.web.servlet.DispatcherServlet        : Completed 200 OK
2026-09-18T09:08:45.261+05:30 DEBUG 2780 --- [urban-drainage-portal] [nio-8081-exec-7] o.s.web.servlet.DispatcherServlet        : Completed 200 OK
2026-09-18T09:08:45.552+05:30 DEBUG 2780 --- [urban-drainage-portal] [nio-8081-exec-5] o.s.w.s.m.m.a.HttpEntityMethodProcessor  : Using 'application/json', given [*/*] and supported [application/json, application/*+json]
2026-09-18T09:08:45.552+05:30 DEBUG 2780 --- [urban-drainage-portal] [nio-8081-exec-5] o.s.w.s.m.m.a.HttpEntityMethodProcessor  : Writing [[com.urbandrainage.portal.entity.DrainageInfrastructure@690b9704, com.urbandrainage.portal.entity.Dr (truncated)...]
2026-09-18T09:08:45.553+05:30 DEBUG 2780 --- [urban-drainage-portal] [nio-8081-exec-1] org.hibernate.SQL                        : select count(dc1_0.id) from drainage_complaints dc1_0 where dc1_0.status=?
2026-09-18T09:08:45.554+05:30 DEBUG 2780 --- [urban-drainage-portal] [nio-8081-exec-5] o.s.web.servlet.DispatcherServlet        : Completed 200 OK
2026-09-18T09:08:45.640+05:30 DEBUG 2780 --- [urban-drainage-portal] [nio-8081-exec-6] o.s.web.servlet.DispatcherServlet        : GET "/api/complaints", parameters={}
2026-09-18T09:08:45.640+05:30 DEBUG 2780 --- [urban-drainage-portal] [nio-8081-exec-3] o.s.web.servlet.DispatcherServlet        : GET "/api/drainage/infrastructure", parameters={}
2026-09-18T09:08:45.640+05:30 DEBUG 2780 --- [urban-drainage-portal] [nio-8081-exec-6] s.w.s.m.m.a.RequestMappingHandlerMapping : Mapped to com.urbandrainage.portal.controller.ComplaintController#getAllComplaints()
2026-09-18T09:08:45.640+05:30 DEBUG 2780 --- [urban-drainage-portal] [nio-8081-exec-3] s.w.s.m.m.a.RequestMappingHandlerMapping : Mapped to com.urbandrainage.portal.controller.InfrastructureController#getAllInfrastructure()
2026-09-18T09:08:45.641+05:30 DEBUG 2780 --- [urban-drainage-portal] [io-8081-exec-10] o.s.web.servlet.DispatcherServlet        : GET "/api/users/staff", parameters={}
2026-09-18T09:08:45.642+05:30 DEBUG 2780 --- [urban-drainage-portal] [io-8081-exec-10] s.w.s.m.m.a.RequestMappingHandlerMapping : Mapped to com.urbandrainage.portal.controller.UserController#getStaffMembers()
2026-09-18T09:08:45.642+05:30 DEBUG 2780 --- [urban-drainage-portal] [nio-8081-exec-9] o.s.web.servlet.DispatcherServlet        : GET "/api/notifications/user/4", parameters={}
2026-09-18T09:08:45.642+05:30 DEBUG 2780 --- [urban-drainage-portal] [nio-8081-exec-9] s.w.s.m.m.a.RequestMappingHandlerMapping : Mapped to com.urbandrainage.portal.controller.NotificationController#getUserNotifications(Long)
2026-09-18T09:08:45.643+05:30 DEBUG 2780 --- [urban-drainage-portal] [nio-8081-exec-3] org.hibernate.SQL                        : select di1_0.id,di1_0.address,di1_0.created_at,di1_0.description,di1_0.latitude,di1_0.longitude,di1_0.name,di1_0.status,di1_0.type,di1_0.updated_at from drainage_infrastructure di1_0
2026-09-18T09:08:45.643+05:30 DEBUG 2780 --- [urban-drainage-portal] [nio-8081-exec-6] org.hibernate.SQL                        : select dc1_0.id,dc1_0.address,dc1_0.assigned_staff_id,dc1_0.assigned_staff_name,dc1_0.created_at,dc1_0.description,dc1_0.feedback,dc1_0.feedback_submitted_at,dc1_0.inspection_notes,dc1_0.issue_type,dc1_0.latitude,dc1_0.longitude,dc1_0.maintenance_notes,dc1_0.photo_url,dc1_0.priority,dc1_0.rating,dc1_0.status,dc1_0.updated_at,dc1_0.user_id,dc1_0.user_name from drainage_complaints dc1_0 order by dc1_0.created_at desc
2026-09-18T09:08:45.644+05:30 DEBUG 2780 --- [urban-drainage-portal] [io-8081-exec-10] org.hibernate.SQL                        : select u1_0.id,u1_0.created_at,u1_0.department,u1_0.email,u1_0.name,u1_0.phone,u1_0.role from users u1_0 where u1_0.role=?
2026-09-18T09:08:45.647+05:30 DEBUG 2780 --- [urban-drainage-portal] [nio-8081-exec-9] org.hibernate.SQL                        : select n1_0.id,n1_0.created_at,n1_0.is_read,n1_0.message,n1_0.title,n1_0.type,n1_0.user_id from notifications n1_0 where n1_0.user_id=? order by n1_0.created_at desc
2026-09-18T09:08:45.842+05:30 DEBUG 2780 --- [urban-drainage-portal] [nio-8081-exec-1] org.hibernate.SQL                        : select count(dc1_0.id) from drainage_complaints dc1_0 where dc1_0.priority=?
2026-09-18T09:08:45.950+05:30 DEBUG 2780 --- [urban-drainage-portal] [io-8081-exec-10] o.s.w.s.m.m.a.HttpEntityMethodProcessor  : Using 'application/json', given [*/*] and supported [application/json, application/*+json]
2026-09-18T09:08:45.950+05:30 DEBUG 2780 --- [urban-drainage-portal] [io-8081-exec-10] o.s.w.s.m.m.a.HttpEntityMethodProcessor  : Writing [[com.urbandrainage.portal.entity.User@2b0fb2fa, com.urbandrainage.portal.entity.User@1dd4a53a]]
2026-09-18T09:08:45.951+05:30 DEBUG 2780 --- [urban-drainage-portal] [nio-8081-exec-6] o.s.w.s.m.m.a.HttpEntityMethodProcessor  : Using 'application/json', given [*/*] and supported [application/json, application/*+json]
2026-09-18T09:08:45.951+05:30 DEBUG 2780 --- [urban-drainage-portal] [nio-8081-exec-6] o.s.w.s.m.m.a.HttpEntityMethodProcessor  : Writing [[com.urbandrainage.portal.entity.DrainageComplaint@37807865, com.urbandrainage.portal.entity.Drainag (truncated)...]
2026-09-18T09:08:45.952+05:30 DEBUG 2780 --- [urban-drainage-portal] [io-8081-exec-10] o.s.web.servlet.DispatcherServlet        : Completed 200 OK
2026-09-18T09:08:45.953+05:30 DEBUG 2780 --- [urban-drainage-portal] [nio-8081-exec-6] o.s.web.servlet.DispatcherServlet        : Completed 200 OK
2026-09-18T09:08:46.133+05:30 DEBUG 2780 --- [urban-drainage-portal] [nio-8081-exec-1] org.hibernate.SQL                        : select count(dc1_0.id) from drainage_complaints dc1_0 where dc1_0.priority=?
2026-09-18T09:08:46.216+05:30 DEBUG 2780 --- [urban-drainage-portal] [nio-8081-exec-9] o.s.w.s.m.m.a.HttpEntityMethodProcessor  : Using 'application/json', given [*/*] and supported [application/json, application/*+json]
2026-09-18T09:08:46.217+05:30 DEBUG 2780 --- [urban-drainage-portal] [nio-8081-exec-9] o.s.w.s.m.m.a.HttpEntityMethodProcessor  : Writing [[]]
2026-09-18T09:08:46.218+05:30 DEBUG 2780 --- [urban-drainage-portal] [nio-8081-exec-9] o.s.web.servlet.DispatcherServlet        : Completed 200 OK
2026-09-18T09:08:46.222+05:30 DEBUG 2780 --- [urban-drainage-portal] [nio-8081-exec-3] o.s.w.s.m.m.a.HttpEntityMethodProcessor  : Using 'application/json', given [*/*] and supported [application/json, application/*+json]
2026-09-18T09:08:46.223+05:30 DEBUG 2780 --- [urban-drainage-portal] [nio-8081-exec-3] o.s.w.s.m.m.a.HttpEntityMethodProcessor  : Writing [[com.urbandrainage.portal.entity.DrainageInfrastructure@83a7f48, com.urbandrainage.portal.entity.Dra (truncated)...]
2026-09-18T09:08:46.224+05:30 DEBUG 2780 --- [urban-drainage-portal] [nio-8081-exec-3] o.s.web.servlet.DispatcherServlet        : Completed 200 OK
2026-09-18T09:08:46.455+05:30 DEBUG 2780 --- [urban-drainage-portal] [nio-8081-exec-1] org.hibernate.SQL                        : select count(*) from drainage_infrastructure di1_0
2026-09-18T09:08:47.138+05:30 DEBUG 2780 --- [urban-drainage-portal] [nio-8081-exec-1] o.s.w.s.m.m.a.HttpEntityMethodProcessor  : Using 'application/json', given [*/*] and supported [application/json, application/*+json]
2026-09-18T09:08:47.139+05:30 DEBUG 2780 --- [urban-drainage-portal] [nio-8081-exec-1] o.s.w.s.m.m.a.HttpEntityMethodProcessor  : Writing [DashboardStatsDTO[totalComplaints=5, submitted=1, underReview=1, assigned=1, inProgress=1, resolved= (truncated)...]
2026-09-18T09:08:47.140+05:30 DEBUG 2780 --- [urban-drainage-portal] [nio-8081-exec-1] o.s.web.servlet.DispatcherServlet        : Completed 200 OK
2026-09-18T09:08:47.152+05:30 DEBUG 2780 --- [urban-drainage-portal] [nio-8081-exec-2] o.s.web.servlet.DispatcherServlet        : GET "/api/complaints/stats", parameters={}
2026-09-18T09:08:47.153+05:30 DEBUG 2780 --- [urban-drainage-portal] [nio-8081-exec-2] s.w.s.m.m.a.RequestMappingHandlerMapping : Mapped to com.urbandrainage.portal.controller.ComplaintController#getStats()
2026-09-18T09:08:47.441+05:30 DEBUG 2780 --- [urban-drainage-portal] [nio-8081-exec-2] org.hibernate.SQL                        : select count(*) from drainage_complaints dc1_0
2026-09-18T09:08:47.620+05:30 DEBUG 2780 --- [urban-drainage-portal] [nio-8081-exec-8] o.s.web.servlet.DispatcherServlet        : GET "/api/drainage/infrastructure", parameters={}
2026-09-18T09:08:47.620+05:30 DEBUG 2780 --- [urban-drainage-portal] [nio-8081-exec-4] o.s.web.servlet.DispatcherServlet        : GET "/api/complaints", parameters={}
2026-09-18T09:08:47.620+05:30 DEBUG 2780 --- [urban-drainage-portal] [nio-8081-exec-7] o.s.web.servlet.DispatcherServlet        : GET "/api/users/staff", parameters={}
2026-09-18T09:08:47.620+05:30 DEBUG 2780 --- [urban-drainage-portal] [nio-8081-exec-8] s.w.s.m.m.a.RequestMappingHandlerMapping : Mapped to com.urbandrainage.portal.controller.InfrastructureController#getAllInfrastructure()
2026-09-18T09:08:47.621+05:30 DEBUG 2780 --- [urban-drainage-portal] [nio-8081-exec-4] s.w.s.m.m.a.RequestMappingHandlerMapping : Mapped to com.urbandrainage.portal.controller.ComplaintController#getAllComplaints()
2026-09-18T09:08:47.621+05:30 DEBUG 2780 --- [urban-drainage-portal] [nio-8081-exec-7] s.w.s.m.m.a.RequestMappingHandlerMapping : Mapped to com.urbandrainage.portal.controller.UserController#getStaffMembers()
2026-09-18T09:08:47.621+05:30 DEBUG 2780 --- [urban-drainage-portal] [nio-8081-exec-5] o.s.web.servlet.DispatcherServlet        : GET "/api/notifications/user/2", parameters={}
2026-09-18T09:08:47.622+05:30 DEBUG 2780 --- [urban-drainage-portal] [nio-8081-exec-5] s.w.s.m.m.a.RequestMappingHandlerMapping : Mapped to com.urbandrainage.portal.controller.NotificationController#getUserNotifications(Long)
2026-09-18T09:08:47.624+05:30 DEBUG 2780 --- [urban-drainage-portal] [nio-8081-exec-4] org.hibernate.SQL                        : select dc1_0.id,dc1_0.address,dc1_0.assigned_staff_id,dc1_0.assigned_staff_name,dc1_0.created_at,dc1_0.description,dc1_0.feedback,dc1_0.feedback_submitted_at,dc1_0.inspection_notes,dc1_0.issue_type,dc1_0.latitude,dc1_0.longitude,dc1_0.maintenance_notes,dc1_0.photo_url,dc1_0.priority,dc1_0.rating,dc1_0.status,dc1_0.updated_at,dc1_0.user_id,dc1_0.user_name from drainage_complaints dc1_0 order by dc1_0.created_at desc
2026-09-18T09:08:47.626+05:30 DEBUG 2780 --- [urban-drainage-portal] [nio-8081-exec-5] org.hibernate.SQL                        : select n1_0.id,n1_0.created_at,n1_0.is_read,n1_0.message,n1_0.title,n1_0.type,n1_0.user_id from notifications n1_0 where n1_0.user_id=? order by n1_0.created_at desc
2026-09-18T09:08:47.628+05:30 DEBUG 2780 --- [urban-drainage-portal] [nio-8081-exec-7] org.hibernate.SQL                        : select u1_0.id,u1_0.created_at,u1_0.department,u1_0.email,u1_0.name,u1_0.phone,u1_0.role from users u1_0 where u1_0.role=?
2026-09-18T09:08:48.000+05:30 DEBUG 2780 --- [urban-drainage-portal] [nio-8081-exec-8] org.hibernate.SQL                        : select di1_0.id,di1_0.address,di1_0.created_at,di1_0.description,di1_0.latitude,di1_0.longitude,di1_0.name,di1_0.status,di1_0.type,di1_0.updated_at from drainage_infrastructure di1_0
2026-09-18T09:08:48.067+05:30 DEBUG 2780 --- [urban-drainage-portal] [nio-8081-exec-2] org.hibernate.SQL                        : select count(dc1_0.id) from drainage_complaints dc1_0 where dc1_0.status=?
2026-09-18T09:08:48.265+05:30 DEBUG 2780 --- [urban-drainage-portal] [nio-8081-exec-7] o.s.w.s.m.m.a.HttpEntityMethodProcessor  : Using 'application/json', given [*/*] and supported [application/json, application/*+json]
2026-09-18T09:08:48.265+05:30 DEBUG 2780 --- [urban-drainage-portal] [nio-8081-exec-5] o.s.w.s.m.m.a.HttpEntityMethodProcessor  : Using 'application/json', given [*/*] and supported [application/json, application/*+json]
2026-09-18T09:08:48.265+05:30 DEBUG 2780 --- [urban-drainage-portal] [nio-8081-exec-4] o.s.w.s.m.m.a.HttpEntityMethodProcessor  : Using 'application/json', given [*/*] and supported [application/json, application/*+json]
2026-09-18T09:08:48.265+05:30 DEBUG 2780 --- [urban-drainage-portal] [nio-8081-exec-7] o.s.w.s.m.m.a.HttpEntityMethodProcessor  : Writing [[com.urbandrainage.portal.entity.User@6a9a4f96, com.urbandrainage.portal.entity.User@7dc6c26]]
2026-09-18T09:08:48.266+05:30 DEBUG 2780 --- [urban-drainage-portal] [nio-8081-exec-4] o.s.w.s.m.m.a.HttpEntityMethodProcessor  : Writing [[com.urbandrainage.portal.entity.DrainageComplaint@28dfdf83, com.urbandrainage.portal.entity.Drainag (truncated)...]
2026-09-18T09:08:48.265+05:30 DEBUG 2780 --- [urban-drainage-portal] [nio-8081-exec-5] o.s.w.s.m.m.a.HttpEntityMethodProcessor  : Writing [[]]
2026-09-18T09:08:48.267+05:30 DEBUG 2780 --- [urban-drainage-portal] [nio-8081-exec-4] o.s.web.servlet.DispatcherServlet        : Completed 200 OK
2026-09-18T09:08:48.267+05:30 DEBUG 2780 --- [urban-drainage-portal] [nio-8081-exec-7] o.s.web.servlet.DispatcherServlet        : Completed 200 OK
2026-09-18T09:08:48.267+05:30 DEBUG 2780 --- [urban-drainage-portal] [nio-8081-exec-5] o.s.web.servlet.DispatcherServlet        : Completed 200 OK
2026-09-18T09:08:48.345+05:30 DEBUG 2780 --- [urban-drainage-portal] [nio-8081-exec-2] org.hibernate.SQL                        : select count(dc1_0.id) from drainage_complaints dc1_0 where dc1_0.status=?
2026-09-18T09:08:48.696+05:30 DEBUG 2780 --- [urban-drainage-portal] [nio-8081-exec-8] o.s.w.s.m.m.a.HttpEntityMethodProcessor  : Using 'application/json', given [*/*] and supported [application/json, application/*+json]
2026-09-18T09:08:48.696+05:30 DEBUG 2780 --- [urban-drainage-portal] [nio-8081-exec-8] o.s.w.s.m.m.a.HttpEntityMethodProcessor  : Writing [[com.urbandrainage.portal.entity.DrainageInfrastructure@3f025990, com.urbandrainage.portal.entity.Dr (truncated)...]
2026-09-18T09:08:48.698+05:30 DEBUG 2780 --- [urban-drainage-portal] [nio-8081-exec-2] org.hibernate.SQL                        : select count(dc1_0.id) from drainage_complaints dc1_0 where dc1_0.status=?
2026-09-18T09:08:48.699+05:30 DEBUG 2780 --- [urban-drainage-portal] [nio-8081-exec-8] o.s.web.servlet.DispatcherServlet        : Completed 200 OK
2026-09-18T09:08:49.001+05:30 DEBUG 2780 --- [urban-drainage-portal] [nio-8081-exec-2] org.hibernate.SQL                        : select count(dc1_0.id) from drainage_complaints dc1_0 where dc1_0.status=?
2026-09-18T09:08:49.281+05:30 DEBUG 2780 --- [urban-drainage-portal] [nio-8081-exec-2] org.hibernate.SQL                        : select count(dc1_0.id) from drainage_complaints dc1_0 where dc1_0.status=?
2026-09-18T09:08:49.564+05:30 DEBUG 2780 --- [urban-drainage-portal] [nio-8081-exec-2] org.hibernate.SQL                        : select count(dc1_0.id) from drainage_complaints dc1_0 where dc1_0.status=?
2026-09-18T09:08:49.849+05:30 DEBUG 2780 --- [urban-drainage-portal] [nio-8081-exec-2] org.hibernate.SQL                        : select count(dc1_0.id) from drainage_complaints dc1_0 where dc1_0.priority=?
2026-09-18T09:08:50.121+05:30 DEBUG 2780 --- [urban-drainage-portal] [nio-8081-exec-2] org.hibernate.SQL                        : select count(dc1_0.id) from drainage_complaints dc1_0 where dc1_0.priority=?
2026-09-18T09:08:50.401+05:30 DEBUG 2780 --- [urban-drainage-portal] [nio-8081-exec-2] org.hibernate.SQL                        : select count(*) from drainage_infrastructure di1_0
2026-09-18T09:08:50.965+05:30 DEBUG 2780 --- [urban-drainage-portal] [nio-8081-exec-2] o.s.w.s.m.m.a.HttpEntityMethodProcessor  : Using 'application/json', given [*/*] and supported [application/json, application/*+json]
2026-09-18T09:08:50.965+05:30 DEBUG 2780 --- [urban-drainage-portal] [nio-8081-exec-2] o.s.w.s.m.m.a.HttpEntityMethodProcessor  : Writing [DashboardStatsDTO[totalComplaints=5, submitted=1, underReview=1, assigned=1, inProgress=1, resolved= (truncated)...]
2026-09-18T09:08:50.967+05:30 DEBUG 2780 --- [urban-drainage-portal] [nio-8081-exec-2] o.s.web.servlet.DispatcherServlet        : Completed 200 OK
2026-09-18T09:08:50.980+05:30 DEBUG 2780 --- [urban-drainage-portal] [io-8081-exec-10] o.s.web.servlet.DispatcherServlet        : GET "/api/complaints/stats", parameters={}
2026-09-18T09:08:50.981+05:30 DEBUG 2780 --- [urban-drainage-portal] [io-8081-exec-10] s.w.s.m.m.a.RequestMappingHandlerMapping : Mapped to com.urbandrainage.portal.controller.ComplaintController#getStats()
2026-09-18T09:08:51.262+05:30 DEBUG 2780 --- [urban-drainage-portal] [io-8081-exec-10] org.hibernate.SQL                        : select count(*) from drainage_complaints dc1_0
2026-09-18T09:08:51.814+05:30 DEBUG 2780 --- [urban-drainage-portal] [io-8081-exec-10] org.hibernate.SQL                        : select count(dc1_0.id) from drainage_complaints dc1_0 where dc1_0.status=?
2026-09-18T09:08:52.084+05:30 DEBUG 2780 --- [urban-drainage-portal] [io-8081-exec-10] org.hibernate.SQL                        : select count(dc1_0.id) from drainage_complaints dc1_0 where dc1_0.status=?
2026-09-18T09:08:52.361+05:30 DEBUG 2780 --- [urban-drainage-portal] [io-8081-exec-10] org.hibernate.SQL                        : select count(dc1_0.id) from drainage_complaints dc1_0 where dc1_0.status=?
2026-09-18T09:08:52.642+05:30 DEBUG 2780 --- [urban-drainage-portal] [io-8081-exec-10] org.hibernate.SQL                        : select count(dc1_0.id) from drainage_complaints dc1_0 where dc1_0.status=?
2026-09-18T09:08:52.654+05:30 DEBUG 2780 --- [urban-drainage-portal] [nio-8081-exec-6] o.s.web.servlet.DispatcherServlet        : GET "/api/complaints", parameters={}
2026-09-18T09:08:52.654+05:30 DEBUG 2780 --- [urban-drainage-portal] [nio-8081-exec-9] o.s.web.servlet.DispatcherServlet        : GET "/api/drainage/infrastructure", parameters={}
2026-09-18T09:08:52.655+05:30 DEBUG 2780 --- [urban-drainage-portal] [nio-8081-exec-3] o.s.web.servlet.DispatcherServlet        : GET "/api/users/staff", parameters={}
2026-09-18T09:08:52.655+05:30 DEBUG 2780 --- [urban-drainage-portal] [nio-8081-exec-9] s.w.s.m.m.a.RequestMappingHandlerMapping : Mapped to com.urbandrainage.portal.controller.InfrastructureController#getAllInfrastructure()
2026-09-18T09:08:52.655+05:30 DEBUG 2780 --- [urban-drainage-portal] [nio-8081-exec-6] s.w.s.m.m.a.RequestMappingHandlerMapping : Mapped to com.urbandrainage.portal.controller.ComplaintController#getAllComplaints()
2026-09-18T09:08:52.655+05:30 DEBUG 2780 --- [urban-drainage-portal] [nio-8081-exec-1] o.s.web.servlet.DispatcherServlet        : GET "/api/notifications/user/1", parameters={}
2026-09-18T09:08:52.655+05:30 DEBUG 2780 --- [urban-drainage-portal] [nio-8081-exec-3] s.w.s.m.m.a.RequestMappingHandlerMapping : Mapped to com.urbandrainage.portal.controller.UserController#getStaffMembers()
2026-09-18T09:08:52.656+05:30 DEBUG 2780 --- [urban-drainage-portal] [nio-8081-exec-1] s.w.s.m.m.a.RequestMappingHandlerMapping : Mapped to com.urbandrainage.portal.controller.NotificationController#getUserNotifications(Long)
2026-09-18T09:08:52.658+05:30 DEBUG 2780 --- [urban-drainage-portal] [nio-8081-exec-3] org.hibernate.SQL                        : select u1_0.id,u1_0.created_at,u1_0.department,u1_0.email,u1_0.name,u1_0.phone,u1_0.role from users u1_0 where u1_0.role=?
2026-09-18T09:08:52.658+05:30 DEBUG 2780 --- [urban-drainage-portal] [nio-8081-exec-6] org.hibernate.SQL                        : select dc1_0.id,dc1_0.address,dc1_0.assigned_staff_id,dc1_0.assigned_staff_name,dc1_0.created_at,dc1_0.description,dc1_0.feedback,dc1_0.feedback_submitted_at,dc1_0.inspection_notes,dc1_0.issue_type,dc1_0.latitude,dc1_0.longitude,dc1_0.maintenance_notes,dc1_0.photo_url,dc1_0.priority,dc1_0.rating,dc1_0.status,dc1_0.updated_at,dc1_0.user_id,dc1_0.user_name from drainage_complaints dc1_0 order by dc1_0.created_at desc
2026-09-18T09:08:52.658+05:30 DEBUG 2780 --- [urban-drainage-portal] [nio-8081-exec-1] org.hibernate.SQL                        : select n1_0.id,n1_0.created_at,n1_0.is_read,n1_0.message,n1_0.title,n1_0.type,n1_0.user_id from notifications n1_0 where n1_0.user_id=? order by n1_0.created_at desc
2026-09-18T09:08:52.990+05:30 DEBUG 2780 --- [urban-drainage-portal] [nio-8081-exec-9] org.hibernate.SQL                        : select di1_0.id,di1_0.address,di1_0.created_at,di1_0.description,di1_0.latitude,di1_0.longitude,di1_0.name,di1_0.status,di1_0.type,di1_0.updated_at from drainage_infrastructure di1_0
2026-09-18T09:08:52.990+05:30 DEBUG 2780 --- [urban-drainage-portal] [io-8081-exec-10] org.hibernate.SQL                        : select count(dc1_0.id) from drainage_complaints dc1_0 where dc1_0.status=?
2026-09-18T09:08:53.308+05:30 DEBUG 2780 --- [urban-drainage-portal] [nio-8081-exec-3] o.s.w.s.m.m.a.HttpEntityMethodProcessor  : Using 'application/json', given [*/*] and supported [application/json, application/*+json]
2026-09-18T09:08:53.308+05:30 DEBUG 2780 --- [urban-drainage-portal] [nio-8081-exec-1] o.s.w.s.m.m.a.HttpEntityMethodProcessor  : Using 'application/json', given [*/*] and supported [application/json, application/*+json]
2026-09-18T09:08:53.309+05:30 DEBUG 2780 --- [urban-drainage-portal] [nio-8081-exec-3] o.s.w.s.m.m.a.HttpEntityMethodProcessor  : Writing [[com.urbandrainage.portal.entity.User@18bc6820, com.urbandrainage.portal.entity.User@56ba1e63]]
2026-09-18T09:08:53.309+05:30 DEBUG 2780 --- [urban-drainage-portal] [nio-8081-exec-6] o.s.w.s.m.m.a.HttpEntityMethodProcessor  : Using 'application/json', given [*/*] and supported [application/json, application/*+json]
2026-09-18T09:08:53.309+05:30 DEBUG 2780 --- [urban-drainage-portal] [nio-8081-exec-1] o.s.w.s.m.m.a.HttpEntityMethodProcessor  : Writing [[com.urbandrainage.portal.entity.Notification@24575e93, com.urbandrainage.portal.entity.Notification (truncated)...]
2026-09-18T09:08:53.309+05:30 DEBUG 2780 --- [urban-drainage-portal] [nio-8081-exec-6] o.s.w.s.m.m.a.HttpEntityMethodProcessor  : Writing [[com.urbandrainage.portal.entity.DrainageComplaint@62ec22d9, com.urbandrainage.portal.entity.Drainag (truncated)...]
2026-09-18T09:08:53.309+05:30 DEBUG 2780 --- [urban-drainage-portal] [io-8081-exec-10] org.hibernate.SQL                        : select count(dc1_0.id) from drainage_complaints dc1_0 where dc1_0.status=?
2026-09-18T09:08:53.310+05:30 DEBUG 2780 --- [urban-drainage-portal] [nio-8081-exec-3] o.s.web.servlet.DispatcherServlet        : Completed 200 OK
2026-09-18T09:08:53.310+05:30 DEBUG 2780 --- [urban-drainage-portal] [nio-8081-exec-1] o.s.web.servlet.DispatcherServlet        : Completed 200 OK
2026-09-18T09:08:53.310+05:30 DEBUG 2780 --- [urban-drainage-portal] [nio-8081-exec-6] o.s.web.servlet.DispatcherServlet        : Completed 200 OK
2026-09-18T09:08:53.577+05:30 DEBUG 2780 --- [urban-drainage-portal] [nio-8081-exec-9] o.s.w.s.m.m.a.HttpEntityMethodProcessor  : Using 'application/json', given [*/*] and supported [application/json, application/*+json]
2026-09-18T09:08:53.577+05:30 DEBUG 2780 --- [urban-drainage-portal] [nio-8081-exec-9] o.s.w.s.m.m.a.HttpEntityMethodProcessor  : Writing [[com.urbandrainage.portal.entity.DrainageInfrastructure@539a2788, com.urbandrainage.portal.entity.Dr (truncated)...]
2026-09-18T09:08:53.579+05:30 DEBUG 2780 --- [urban-drainage-portal] [io-8081-exec-10] org.hibernate.SQL                        : select count(dc1_0.id) from drainage_complaints dc1_0 where dc1_0.priority=?
2026-09-18T09:08:53.579+05:30 DEBUG 2780 --- [urban-drainage-portal] [nio-8081-exec-9] o.s.web.servlet.DispatcherServlet        : Completed 200 OK
2026-09-18T09:08:53.916+05:30 DEBUG 2780 --- [urban-drainage-portal] [io-8081-exec-10] org.hibernate.SQL                        : select count(dc1_0.id) from drainage_complaints dc1_0 where dc1_0.priority=?
2026-09-18T09:08:54.198+05:30 DEBUG 2780 --- [urban-drainage-portal] [io-8081-exec-10] org.hibernate.SQL                        : select count(*) from drainage_infrastructure di1_0
2026-09-18T09:08:54.275+05:30 DEBUG 2780 --- [urban-drainage-portal] [nio-8081-exec-5] o.s.web.servlet.DispatcherServlet        : GET "/api/drainage/infrastructure", parameters={}
2026-09-18T09:08:54.275+05:30 DEBUG 2780 --- [urban-drainage-portal] [nio-8081-exec-4] o.s.web.servlet.DispatcherServlet        : GET "/api/complaints", parameters={}
2026-09-18T09:08:54.275+05:30 DEBUG 2780 --- [urban-drainage-portal] [nio-8081-exec-5] s.w.s.m.m.a.RequestMappingHandlerMapping : Mapped to com.urbandrainage.portal.controller.InfrastructureController#getAllInfrastructure()
2026-09-18T09:08:54.275+05:30 DEBUG 2780 --- [urban-drainage-portal] [nio-8081-exec-4] s.w.s.m.m.a.RequestMappingHandlerMapping : Mapped to com.urbandrainage.portal.controller.ComplaintController#getAllComplaints()
2026-09-18T09:08:54.278+05:30 DEBUG 2780 --- [urban-drainage-portal] [nio-8081-exec-7] o.s.web.servlet.DispatcherServlet        : GET "/api/users/staff", parameters={}
2026-09-18T09:08:54.278+05:30 DEBUG 2780 --- [urban-drainage-portal] [nio-8081-exec-8] o.s.web.servlet.DispatcherServlet        : GET "/api/notifications/user/4", parameters={}
2026-09-18T09:08:54.278+05:30 DEBUG 2780 --- [urban-drainage-portal] [nio-8081-exec-4] org.hibernate.SQL                        : select dc1_0.id,dc1_0.address,dc1_0.assigned_staff_id,dc1_0.assigned_staff_name,dc1_0.created_at,dc1_0.description,dc1_0.feedback,dc1_0.feedback_submitted_at,dc1_0.inspection_notes,dc1_0.issue_type,dc1_0.latitude,dc1_0.longitude,dc1_0.maintenance_notes,dc1_0.photo_url,dc1_0.priority,dc1_0.rating,dc1_0.status,dc1_0.updated_at,dc1_0.user_id,dc1_0.user_name from drainage_complaints dc1_0 order by dc1_0.created_at desc
2026-09-18T09:08:54.279+05:30 DEBUG 2780 --- [urban-drainage-portal] [nio-8081-exec-8] s.w.s.m.m.a.RequestMappingHandlerMapping : Mapped to com.urbandrainage.portal.controller.NotificationController#getUserNotifications(Long)
2026-09-18T09:08:54.278+05:30 DEBUG 2780 --- [urban-drainage-portal] [nio-8081-exec-7] s.w.s.m.m.a.RequestMappingHandlerMapping : Mapped to com.urbandrainage.portal.controller.UserController#getStaffMembers()
2026-09-18T09:08:54.282+05:30 DEBUG 2780 --- [urban-drainage-portal] [nio-8081-exec-8] org.hibernate.SQL                        : select n1_0.id,n1_0.created_at,n1_0.is_read,n1_0.message,n1_0.title,n1_0.type,n1_0.user_id from notifications n1_0 where n1_0.user_id=? order by n1_0.created_at desc
2026-09-18T09:08:54.282+05:30 DEBUG 2780 --- [urban-drainage-portal] [nio-8081-exec-7] org.hibernate.SQL                        : select u1_0.id,u1_0.created_at,u1_0.department,u1_0.email,u1_0.name,u1_0.phone,u1_0.role from users u1_0 where u1_0.role=?
2026-09-18T09:08:54.834+05:30 DEBUG 2780 --- [urban-drainage-portal] [io-8081-exec-10] o.s.w.s.m.m.a.HttpEntityMethodProcessor  : Using 'application/json', given [*/*] and supported [application/json, application/*+json]
2026-09-18T09:08:54.834+05:30 DEBUG 2780 --- [urban-drainage-portal] [io-8081-exec-10] o.s.w.s.m.m.a.HttpEntityMethodProcessor  : Writing [DashboardStatsDTO[totalComplaints=5, submitted=1, underReview=1, assigned=1, inProgress=1, resolved= (truncated)...]
2026-09-18T09:08:54.835+05:30 DEBUG 2780 --- [urban-drainage-portal] [nio-8081-exec-5] org.hibernate.SQL                        : select di1_0.id,di1_0.address,di1_0.created_at,di1_0.description,di1_0.latitude,di1_0.longitude,di1_0.name,di1_0.status,di1_0.type,di1_0.updated_at from drainage_infrastructure di1_0
2026-09-18T09:08:54.836+05:30 DEBUG 2780 --- [urban-drainage-portal] [io-8081-exec-10] o.s.web.servlet.DispatcherServlet        : Completed 200 OK
2026-09-18T09:08:54.846+05:30 DEBUG 2780 --- [urban-drainage-portal] [nio-8081-exec-2] o.s.web.servlet.DispatcherServlet        : GET "/api/complaints/stats", parameters={}
2026-09-18T09:08:54.847+05:30 DEBUG 2780 --- [urban-drainage-portal] [nio-8081-exec-2] s.w.s.m.m.a.RequestMappingHandlerMapping : Mapped to com.urbandrainage.portal.controller.ComplaintController#getStats()
2026-09-18T09:08:55.107+05:30 DEBUG 2780 --- [urban-drainage-portal] [nio-8081-exec-7] o.s.w.s.m.m.a.HttpEntityMethodProcessor  : Using 'application/json', given [*/*] and supported [application/json, application/*+json]
2026-09-18T09:08:55.107+05:30 DEBUG 2780 --- [urban-drainage-portal] [nio-8081-exec-8] o.s.w.s.m.m.a.HttpEntityMethodProcessor  : Using 'application/json', given [*/*] and supported [application/json, application/*+json]
2026-09-18T09:08:55.108+05:30 DEBUG 2780 --- [urban-drainage-portal] [nio-8081-exec-7] o.s.w.s.m.m.a.HttpEntityMethodProcessor  : Writing [[com.urbandrainage.portal.entity.User@7e11d1c5, com.urbandrainage.portal.entity.User@31d68b8b]]
2026-09-18T09:08:55.108+05:30 DEBUG 2780 --- [urban-drainage-portal] [nio-8081-exec-8] o.s.w.s.m.m.a.HttpEntityMethodProcessor  : Writing [[]]
2026-09-18T09:08:55.108+05:30 DEBUG 2780 --- [urban-drainage-portal] [nio-8081-exec-4] o.s.w.s.m.m.a.HttpEntityMethodProcessor  : Using 'application/json', given [*/*] and supported [application/json, application/*+json]
2026-09-18T09:08:55.109+05:30 DEBUG 2780 --- [urban-drainage-portal] [nio-8081-exec-4] o.s.w.s.m.m.a.HttpEntityMethodProcessor  : Writing [[com.urbandrainage.portal.entity.DrainageComplaint@531d7d63, com.urbandrainage.portal.entity.Drainag (truncated)...]
2026-09-18T09:08:55.134+05:30 DEBUG 2780 --- [urban-drainage-portal] [nio-8081-exec-8] o.s.web.servlet.DispatcherServlet        : Completed 200 OK
2026-09-18T09:08:55.134+05:30 DEBUG 2780 --- [urban-drainage-portal] [nio-8081-exec-7] o.s.web.servlet.DispatcherServlet        : Completed 200 OK
2026-09-18T09:08:55.134+05:30 DEBUG 2780 --- [urban-drainage-portal] [nio-8081-exec-2] org.hibernate.SQL                        : select count(*) from drainage_complaints dc1_0
2026-09-18T09:08:55.134+05:30 DEBUG 2780 --- [urban-drainage-portal] [nio-8081-exec-4] o.s.web.servlet.DispatcherServlet        : Completed 200 OK
2026-09-18T09:08:55.893+05:30 DEBUG 2780 --- [urban-drainage-portal] [nio-8081-exec-1] o.s.web.servlet.DispatcherServlet        : GET "/api/complaints", parameters={}
2026-09-18T09:08:55.893+05:30 DEBUG 2780 --- [urban-drainage-portal] [nio-8081-exec-3] o.s.web.servlet.DispatcherServlet        : GET "/api/users/staff", parameters={}
2026-09-18T09:08:55.893+05:30 DEBUG 2780 --- [urban-drainage-portal] [nio-8081-exec-6] o.s.web.servlet.DispatcherServlet        : GET "/api/notifications/user/2", parameters={}
2026-09-18T09:08:55.893+05:30 DEBUG 2780 --- [urban-drainage-portal] [nio-8081-exec-1] s.w.s.m.m.a.RequestMappingHandlerMapping : Mapped to com.urbandrainage.portal.controller.ComplaintController#getAllComplaints()
2026-09-18T09:08:55.893+05:30 DEBUG 2780 --- [urban-drainage-portal] [nio-8081-exec-3] s.w.s.m.m.a.RequestMappingHandlerMapping : Mapped to com.urbandrainage.portal.controller.UserController#getStaffMembers()
2026-09-18T09:08:55.894+05:30 DEBUG 2780 --- [urban-drainage-portal] [nio-8081-exec-6] s.w.s.m.m.a.RequestMappingHandlerMapping : Mapped to com.urbandrainage.portal.controller.NotificationController#getUserNotifications(Long)
2026-09-18T09:08:55.903+05:30 DEBUG 2780 --- [urban-drainage-portal] [nio-8081-exec-1] org.hibernate.SQL                        : select dc1_0.id,dc1_0.address,dc1_0.assigned_staff_id,dc1_0.assigned_staff_name,dc1_0.created_at,dc1_0.description,dc1_0.feedback,dc1_0.feedback_submitted_at,dc1_0.inspection_notes,dc1_0.issue_type,dc1_0.latitude,dc1_0.longitude,dc1_0.maintenance_notes,dc1_0.photo_url,dc1_0.priority,dc1_0.rating,dc1_0.status,dc1_0.updated_at,dc1_0.user_id,dc1_0.user_name from drainage_complaints dc1_0 order by dc1_0.created_at desc
2026-09-18T09:08:55.903+05:30 DEBUG 2780 --- [urban-drainage-portal] [nio-8081-exec-6] org.hibernate.SQL                        : select n1_0.id,n1_0.created_at,n1_0.is_read,n1_0.message,n1_0.title,n1_0.type,n1_0.user_id from notifications n1_0 where n1_0.user_id=? order by n1_0.created_at desc
2026-09-18T09:08:55.903+05:30 DEBUG 2780 --- [urban-drainage-portal] [nio-8081-exec-3] org.hibernate.SQL                        : select u1_0.id,u1_0.created_at,u1_0.department,u1_0.email,u1_0.name,u1_0.phone,u1_0.role from users u1_0 where u1_0.role=?
2026-09-18T09:08:56.339+05:30 DEBUG 2780 --- [urban-drainage-portal] [nio-8081-exec-5] o.s.w.s.m.m.a.HttpEntityMethodProcessor  : Using 'application/json', given [*/*] and supported [application/json, application/*+json]
2026-09-18T09:08:56.341+05:30 DEBUG 2780 --- [urban-drainage-portal] [nio-8081-exec-5] o.s.w.s.m.m.a.HttpEntityMethodProcessor  : Writing [[com.urbandrainage.portal.entity.DrainageInfrastructure@fa0fbdb, com.urbandrainage.portal.entity.Dra (truncated)...]
2026-09-18T09:08:56.351+05:30 DEBUG 2780 --- [urban-drainage-portal] [nio-8081-exec-5] o.s.web.servlet.DispatcherServlet        : Completed 200 OK
2026-09-18T09:08:56.361+05:30 DEBUG 2780 --- [urban-drainage-portal] [nio-8081-exec-9] o.s.web.servlet.DispatcherServlet        : GET "/api/drainage/infrastructure", parameters={}
2026-09-18T09:08:56.362+05:30 DEBUG 2780 --- [urban-drainage-portal] [nio-8081-exec-9] s.w.s.m.m.a.RequestMappingHandlerMapping : Mapped to com.urbandrainage.portal.controller.InfrastructureController#getAllInfrastructure()
2026-09-18T09:08:56.369+05:30 DEBUG 2780 --- [urban-drainage-portal] [nio-8081-exec-9] org.hibernate.SQL                        : select di1_0.id,di1_0.address,di1_0.created_at,di1_0.description,di1_0.latitude,di1_0.longitude,di1_0.name,di1_0.status,di1_0.type,di1_0.updated_at from drainage_infrastructure di1_0
2026-09-18T09:08:56.645+05:30 DEBUG 2780 --- [urban-drainage-portal] [nio-8081-exec-6] o.s.w.s.m.m.a.HttpEntityMethodProcessor  : Using 'application/json', given [*/*] and supported [application/json, application/*+json]
2026-09-18T09:08:56.646+05:30 DEBUG 2780 --- [urban-drainage-portal] [nio-8081-exec-3] o.s.w.s.m.m.a.HttpEntityMethodProcessor  : Using 'application/json', given [*/*] and supported [application/json, application/*+json]
2026-09-18T09:08:56.646+05:30 DEBUG 2780 --- [urban-drainage-portal] [nio-8081-exec-6] o.s.w.s.m.m.a.HttpEntityMethodProcessor  : Writing [[]]
2026-09-18T09:08:56.646+05:30 DEBUG 2780 --- [urban-drainage-portal] [nio-8081-exec-3] o.s.w.s.m.m.a.HttpEntityMethodProcessor  : Writing [[com.urbandrainage.portal.entity.User@74e627de, com.urbandrainage.portal.entity.User@2068042d]]
2026-09-18T09:08:56.646+05:30 DEBUG 2780 --- [urban-drainage-portal] [nio-8081-exec-1] o.s.w.s.m.m.a.HttpEntityMethodProcessor  : Using 'application/json', given [*/*] and supported [application/json, application/*+json]
2026-09-18T09:08:56.647+05:30 DEBUG 2780 --- [urban-drainage-portal] [nio-8081-exec-1] o.s.w.s.m.m.a.HttpEntityMethodProcessor  : Writing [[com.urbandrainage.portal.entity.DrainageComplaint@2eaeb09f, com.urbandrainage.portal.entity.Drainag (truncated)...]
2026-09-18T09:08:56.647+05:30 DEBUG 2780 --- [urban-drainage-portal] [nio-8081-exec-2] org.hibernate.SQL                        : select count(dc1_0.id) from drainage_complaints dc1_0 where dc1_0.status=?
2026-09-18T09:08:56.647+05:30 DEBUG 2780 --- [urban-drainage-portal] [nio-8081-exec-6] o.s.web.servlet.DispatcherServlet        : Completed 200 OK
2026-09-18T09:08:56.647+05:30 DEBUG 2780 --- [urban-drainage-portal] [nio-8081-exec-3] o.s.web.servlet.DispatcherServlet        : Completed 200 OK
2026-09-18T09:08:56.648+05:30 DEBUG 2780 --- [urban-drainage-portal] [nio-8081-exec-1] o.s.web.servlet.DispatcherServlet        : Completed 200 OK
2026-09-18T09:08:56.934+05:30 DEBUG 2780 --- [urban-drainage-portal] [nio-8081-exec-9] o.s.w.s.m.m.a.HttpEntityMethodProcessor  : Using 'application/json', given [*/*] and supported [application/json, application/*+json]
2026-09-18T09:08:56.934+05:30 DEBUG 2780 --- [urban-drainage-portal] [nio-8081-exec-9] o.s.w.s.m.m.a.HttpEntityMethodProcessor  : Writing [[com.urbandrainage.portal.entity.DrainageInfrastructure@276ae324, com.urbandrainage.portal.entity.Dr (truncated)...]
2026-09-18T09:08:56.936+05:30 DEBUG 2780 --- [urban-drainage-portal] [nio-8081-exec-2] org.hibernate.SQL                        : select count(dc1_0.id) from drainage_complaints dc1_0 where dc1_0.status=?
2026-09-18T09:08:56.936+05:30 DEBUG 2780 --- [urban-drainage-portal] [nio-8081-exec-9] o.s.web.servlet.DispatcherServlet        : Completed 200 OK
2026-09-18T09:08:56.957+05:30 DEBUG 2780 --- [urban-drainage-portal] [io-8081-exec-10] o.s.web.servlet.DispatcherServlet        : GET "/api/complaints", parameters={}
2026-09-18T09:08:56.957+05:30 DEBUG 2780 --- [urban-drainage-portal] [nio-8081-exec-4] o.s.web.servlet.DispatcherServlet        : GET "/api/users/staff", parameters={}
2026-09-18T09:08:56.957+05:30 DEBUG 2780 --- [urban-drainage-portal] [io-8081-exec-10] s.w.s.m.m.a.RequestMappingHandlerMapping : Mapped to com.urbandrainage.portal.controller.ComplaintController#getAllComplaints()
2026-09-18T09:08:56.957+05:30 DEBUG 2780 --- [urban-drainage-portal] [nio-8081-exec-8] o.s.web.servlet.DispatcherServlet        : GET "/api/drainage/infrastructure", parameters={}
2026-09-18T09:08:56.957+05:30 DEBUG 2780 --- [urban-drainage-portal] [nio-8081-exec-4] s.w.s.m.m.a.RequestMappingHandlerMapping : Mapped to com.urbandrainage.portal.controller.UserController#getStaffMembers()
2026-09-18T09:08:56.957+05:30 DEBUG 2780 --- [urban-drainage-portal] [nio-8081-exec-7] o.s.web.servlet.DispatcherServlet        : GET "/api/notifications/user/1", parameters={}
2026-09-18T09:08:56.957+05:30 DEBUG 2780 --- [urban-drainage-portal] [nio-8081-exec-8] s.w.s.m.m.a.RequestMappingHandlerMapping : Mapped to com.urbandrainage.portal.controller.InfrastructureController#getAllInfrastructure()
2026-09-18T09:08:56.958+05:30 DEBUG 2780 --- [urban-drainage-portal] [nio-8081-exec-7] s.w.s.m.m.a.RequestMappingHandlerMapping : Mapped to com.urbandrainage.portal.controller.NotificationController#getUserNotifications(Long)
2026-09-18T09:08:56.960+05:30 DEBUG 2780 --- [urban-drainage-portal] [io-8081-exec-10] org.hibernate.SQL                        : select dc1_0.id,dc1_0.address,dc1_0.assigned_staff_id,dc1_0.assigned_staff_name,dc1_0.created_at,dc1_0.description,dc1_0.feedback,dc1_0.feedback_submitted_at,dc1_0.inspection_notes,dc1_0.issue_type,dc1_0.latitude,dc1_0.longitude,dc1_0.maintenance_notes,dc1_0.photo_url,dc1_0.priority,dc1_0.rating,dc1_0.status,dc1_0.updated_at,dc1_0.user_id,dc1_0.user_name from drainage_complaints dc1_0 order by dc1_0.created_at desc
2026-09-18T09:08:56.960+05:30 DEBUG 2780 --- [urban-drainage-portal] [nio-8081-exec-4] org.hibernate.SQL                        : select u1_0.id,u1_0.created_at,u1_0.department,u1_0.email,u1_0.name,u1_0.phone,u1_0.role from users u1_0 where u1_0.role=?
2026-09-18T09:08:56.960+05:30 DEBUG 2780 --- [urban-drainage-portal] [nio-8081-exec-7] org.hibernate.SQL                        : select n1_0.id,n1_0.created_at,n1_0.is_read,n1_0.message,n1_0.title,n1_0.type,n1_0.user_id from notifications n1_0 where n1_0.user_id=? order by n1_0.created_at desc
2026-09-18T09:08:57.221+05:30 DEBUG 2780 --- [urban-drainage-portal] [nio-8081-exec-2] org.hibernate.SQL                        : select count(dc1_0.id) from drainage_complaints dc1_0 where dc1_0.status=?
2026-09-18T09:08:57.221+05:30 DEBUG 2780 --- [urban-drainage-portal] [nio-8081-exec-8] org.hibernate.SQL                        : select di1_0.id,di1_0.address,di1_0.created_at,di1_0.description,di1_0.latitude,di1_0.longitude,di1_0.name,di1_0.status,di1_0.type,di1_0.updated_at from drainage_infrastructure di1_0
2026-09-18T09:08:57.222+05:30 DEBUG 2780 --- [urban-drainage-portal] [io-8081-exec-10] o.s.w.s.m.m.a.HttpEntityMethodProcessor  : Using 'application/json', given [*/*] and supported [application/json, application/*+json]
2026-09-18T09:08:57.222+05:30 DEBUG 2780 --- [urban-drainage-portal] [nio-8081-exec-7] o.s.w.s.m.m.a.HttpEntityMethodProcessor  : Using 'application/json', given [*/*] and supported [application/json, application/*+json]
2026-09-18T09:08:57.222+05:30 DEBUG 2780 --- [urban-drainage-portal] [io-8081-exec-10] o.s.w.s.m.m.a.HttpEntityMethodProcessor  : Writing [[com.urbandrainage.portal.entity.DrainageComplaint@42573e21, com.urbandrainage.portal.entity.Drainag (truncated)...]
2026-09-18T09:08:57.222+05:30 DEBUG 2780 --- [urban-drainage-portal] [nio-8081-exec-7] o.s.w.s.m.m.a.HttpEntityMethodProcessor  : Writing [[com.urbandrainage.portal.entity.Notification@bc7e83a, com.urbandrainage.portal.entity.Notification@ (truncated)...]
2026-09-18T09:08:57.223+05:30 DEBUG 2780 --- [urban-drainage-portal] [nio-8081-exec-7] o.s.web.servlet.DispatcherServlet        : Completed 200 OK
2026-09-18T09:08:57.223+05:30 DEBUG 2780 --- [urban-drainage-portal] [io-8081-exec-10] o.s.web.servlet.DispatcherServlet        : Completed 200 OK
2026-09-18T09:08:57.229+05:30 DEBUG 2780 --- [urban-drainage-portal] [nio-8081-exec-4] o.s.w.s.m.m.a.HttpEntityMethodProcessor  : Using 'application/json', given [*/*] and supported [application/json, application/*+json]
2026-09-18T09:08:57.229+05:30 DEBUG 2780 --- [urban-drainage-portal] [nio-8081-exec-4] o.s.w.s.m.m.a.HttpEntityMethodProcessor  : Writing [[com.urbandrainage.portal.entity.User@50ce3f16, com.urbandrainage.portal.entity.User@403e3641]]
2026-09-18T09:08:57.231+05:30 DEBUG 2780 --- [urban-drainage-portal] [nio-8081-exec-4] o.s.web.servlet.DispatcherServlet        : Completed 200 OK
2026-09-18T09:08:57.507+05:30 DEBUG 2780 --- [urban-drainage-portal] [nio-8081-exec-2] org.hibernate.SQL                        : select count(dc1_0.id) from drainage_complaints dc1_0 where dc1_0.status=?
2026-09-18T09:08:57.906+05:30 DEBUG 2780 --- [urban-drainage-portal] [nio-8081-exec-8] o.s.w.s.m.m.a.HttpEntityMethodProcessor  : Using 'application/json', given [*/*] and supported [application/json, application/*+json]
2026-09-18T09:08:57.907+05:30 DEBUG 2780 --- [urban-drainage-portal] [nio-8081-exec-8] o.s.w.s.m.m.a.HttpEntityMethodProcessor  : Writing [[com.urbandrainage.portal.entity.DrainageInfrastructure@7b445c3a, com.urbandrainage.portal.entity.Dr (truncated)...]
2026-09-18T09:08:57.908+05:30 DEBUG 2780 --- [urban-drainage-portal] [nio-8081-exec-2] org.hibernate.SQL                        : select count(dc1_0.id) from drainage_complaints dc1_0 where dc1_0.status=?
2026-09-18T09:08:57.908+05:30 DEBUG 2780 --- [urban-drainage-portal] [nio-8081-exec-8] o.s.web.servlet.DispatcherServlet        : Completed 200 OK
2026-09-18T09:08:58.277+05:30 DEBUG 2780 --- [urban-drainage-portal] [nio-8081-exec-2] org.hibernate.SQL                        : select count(dc1_0.id) from drainage_complaints dc1_0 where dc1_0.status=?
2026-09-18T09:08:58.555+05:30 DEBUG 2780 --- [urban-drainage-portal] [nio-8081-exec-2] org.hibernate.SQL                        : select count(dc1_0.id) from drainage_complaints dc1_0 where dc1_0.priority=?
2026-09-18T09:08:58.840+05:30 DEBUG 2780 --- [urban-drainage-portal] [nio-8081-exec-2] org.hibernate.SQL                        : select count(dc1_0.id) from drainage_complaints dc1_0 where dc1_0.priority=?
2026-09-18T09:08:59.115+05:30 DEBUG 2780 --- [urban-drainage-portal] [nio-8081-exec-2] org.hibernate.SQL                        : select count(*) from drainage_infrastructure di1_0
2026-09-18T09:08:59.681+05:30 DEBUG 2780 --- [urban-drainage-portal] [nio-8081-exec-2] o.s.w.s.m.m.a.HttpEntityMethodProcessor  : Using 'application/json', given [*/*] and supported [application/json, application/*+json]
2026-09-18T09:08:59.681+05:30 DEBUG 2780 --- [urban-drainage-portal] [nio-8081-exec-2] o.s.w.s.m.m.a.HttpEntityMethodProcessor  : Writing [DashboardStatsDTO[totalComplaints=5, submitted=1, underReview=1, assigned=1, inProgress=1, resolved= (truncated)...]
2026-09-18T09:08:59.684+05:30 DEBUG 2780 --- [urban-drainage-portal] [nio-8081-exec-2] o.s.web.servlet.DispatcherServlet        : Completed 200 OK
2026-09-18T09:08:59.700+05:30 DEBUG 2780 --- [urban-drainage-portal] [nio-8081-exec-5] o.s.web.servlet.DispatcherServlet        : GET "/api/complaints/stats", parameters={}
2026-09-18T09:08:59.700+05:30 DEBUG 2780 --- [urban-drainage-portal] [nio-8081-exec-5] s.w.s.m.m.a.RequestMappingHandlerMapping : Mapped to com.urbandrainage.portal.controller.ComplaintController#getStats()
2026-09-18T09:08:59.999+05:30 DEBUG 2780 --- [urban-drainage-portal] [nio-8081-exec-5] org.hibernate.SQL                        : select count(*) from drainage_complaints dc1_0
2026-09-18T09:09:00.647+05:30 DEBUG 2780 --- [urban-drainage-portal] [nio-8081-exec-5] org.hibernate.SQL                        : select count(dc1_0.id) from drainage_complaints dc1_0 where dc1_0.status=?
2026-09-18T09:09:00.943+05:30 DEBUG 2780 --- [urban-drainage-portal] [nio-8081-exec-5] org.hibernate.SQL                        : select count(dc1_0.id) from drainage_complaints dc1_0 where dc1_0.status=?
2026-09-18T09:09:01.272+05:30 DEBUG 2780 --- [urban-drainage-portal] [nio-8081-exec-5] org.hibernate.SQL                        : select count(dc1_0.id) from drainage_complaints dc1_0 where dc1_0.status=?
2026-09-18T09:09:01.572+05:30 DEBUG 2780 --- [urban-drainage-portal] [nio-8081-exec-5] org.hibernate.SQL                        : select count(dc1_0.id) from drainage_complaints dc1_0 where dc1_0.status=?
2026-09-18T09:09:01.864+05:30 DEBUG 2780 --- [urban-drainage-portal] [nio-8081-exec-5] org.hibernate.SQL                        : select count(dc1_0.id) from drainage_complaints dc1_0 where dc1_0.status=?
2026-09-18T09:09:02.172+05:30 DEBUG 2780 --- [urban-drainage-portal] [nio-8081-exec-5] org.hibernate.SQL                        : select count(dc1_0.id) from drainage_complaints dc1_0 where dc1_0.status=?
2026-09-18T09:09:02.446+05:30 DEBUG 2780 --- [urban-drainage-portal] [nio-8081-exec-5] org.hibernate.SQL                        : select count(dc1_0.id) from drainage_complaints dc1_0 where dc1_0.priority=?
2026-09-18T09:09:02.729+05:30 DEBUG 2780 --- [urban-drainage-portal] [nio-8081-exec-5] org.hibernate.SQL                        : select count(dc1_0.id) from drainage_complaints dc1_0 where dc1_0.priority=?
2026-09-18T09:09:03.023+05:30 DEBUG 2780 --- [urban-drainage-portal] [nio-8081-exec-5] org.hibernate.SQL                        : select count(*) from drainage_infrastructure di1_0
2026-09-18T09:09:03.724+05:30 DEBUG 2780 --- [urban-drainage-portal] [nio-8081-exec-5] o.s.w.s.m.m.a.HttpEntityMethodProcessor  : Using 'application/json', given [*/*] and supported [application/json, application/*+json]
2026-09-18T09:09:03.724+05:30 DEBUG 2780 --- [urban-drainage-portal] [nio-8081-exec-5] o.s.w.s.m.m.a.HttpEntityMethodProcessor  : Writing [DashboardStatsDTO[totalComplaints=5, submitted=1, underReview=1, assigned=1, inProgress=1, resolved= (truncated)...]
2026-09-18T09:09:03.726+05:30 DEBUG 2780 --- [urban-drainage-portal] [nio-8081-exec-5] o.s.web.servlet.DispatcherServlet        : Completed 200 OK
2026-09-18T09:09:03.738+05:30 DEBUG 2780 --- [urban-drainage-portal] [nio-8081-exec-6] o.s.web.servlet.DispatcherServlet        : GET "/api/complaints/stats", parameters={}
2026-09-18T09:09:03.739+05:30 DEBUG 2780 --- [urban-drainage-portal] [nio-8081-exec-6] s.w.s.m.m.a.RequestMappingHandlerMapping : Mapped to com.urbandrainage.portal.controller.ComplaintController#getStats()
2026-09-18T09:09:04.026+05:30 DEBUG 2780 --- [urban-drainage-portal] [nio-8081-exec-6] org.hibernate.SQL                        : select count(*) from drainage_complaints dc1_0
2026-09-18T09:09:04.609+05:30 DEBUG 2780 --- [urban-drainage-portal] [nio-8081-exec-6] org.hibernate.SQL                        : select count(dc1_0.id) from drainage_complaints dc1_0 where dc1_0.status=?
2026-09-18T09:09:04.877+05:30 DEBUG 2780 --- [urban-drainage-portal] [nio-8081-exec-6] org.hibernate.SQL                        : select count(dc1_0.id) from drainage_complaints dc1_0 where dc1_0.status=?
2026-09-18T09:09:05.193+05:30 DEBUG 2780 --- [urban-drainage-portal] [nio-8081-exec-6] org.hibernate.SQL                        : select count(dc1_0.id) from drainage_complaints dc1_0 where dc1_0.status=?
2026-09-18T09:09:05.785+05:30 DEBUG 2780 --- [urban-drainage-portal] [nio-8081-exec-6] org.hibernate.SQL                        : select count(dc1_0.id) from drainage_complaints dc1_0 where dc1_0.status=?
2026-09-18T09:09:06.060+05:30 DEBUG 2780 --- [urban-drainage-portal] [nio-8081-exec-6] org.hibernate.SQL                        : select count(dc1_0.id) from drainage_complaints dc1_0 where dc1_0.status=?
2026-09-18T09:09:06.384+05:30 DEBUG 2780 --- [urban-drainage-portal] [nio-8081-exec-6] org.hibernate.SQL                        : select count(dc1_0.id) from drainage_complaints dc1_0 where dc1_0.status=?
2026-09-18T09:09:06.769+05:30 DEBUG 2780 --- [urban-drainage-portal] [nio-8081-exec-6] org.hibernate.SQL                        : select count(dc1_0.id) from drainage_complaints dc1_0 where dc1_0.priority=?
2026-09-18T09:09:07.105+05:30 DEBUG 2780 --- [urban-drainage-portal] [nio-8081-exec-6] org.hibernate.SQL                        : select count(dc1_0.id) from drainage_complaints dc1_0 where dc1_0.priority=?
2026-09-18T09:09:07.412+05:30 DEBUG 2780 --- [urban-drainage-portal] [nio-8081-exec-6] org.hibernate.SQL                        : select count(*) from drainage_infrastructure di1_0
2026-09-18T09:09:08.068+05:30 DEBUG 2780 --- [urban-drainage-portal] [nio-8081-exec-6] o.s.w.s.m.m.a.HttpEntityMethodProcessor  : Using 'application/json', given [*/*] and supported [application/json, application/*+json]
2026-09-18T09:09:08.068+05:30 DEBUG 2780 --- [urban-drainage-portal] [nio-8081-exec-6] o.s.w.s.m.m.a.HttpEntityMethodProcessor  : Writing [DashboardStatsDTO[totalComplaints=5, submitted=1, underReview=1, assigned=1, inProgress=1, resolved= (truncated)...]
2026-09-18T09:09:08.070+05:30 DEBUG 2780 --- [urban-drainage-portal] [nio-8081-exec-6] o.s.web.servlet.DispatcherServlet        : Completed 200 OK
2026-09-18T09:09:08.080+05:30 DEBUG 2780 --- [urban-drainage-portal] [nio-8081-exec-3] o.s.web.servlet.DispatcherServlet        : GET "/api/complaints/stats", parameters={}
2026-09-18T09:09:08.081+05:30 DEBUG 2780 --- [urban-drainage-portal] [nio-8081-exec-3] s.w.s.m.m.a.RequestMappingHandlerMapping : Mapped to com.urbandrainage.portal.controller.ComplaintController#getStats()
2026-09-18T09:09:08.352+05:30 DEBUG 2780 --- [urban-drainage-portal] [nio-8081-exec-3] org.hibernate.SQL                        : select count(*) from drainage_complaints dc1_0
2026-09-18T09:09:08.971+05:30 DEBUG 2780 --- [urban-drainage-portal] [nio-8081-exec-3] org.hibernate.SQL                        : select count(dc1_0.id) from drainage_complaints dc1_0 where dc1_0.status=?
2026-09-18T09:09:09.258+05:30 DEBUG 2780 --- [urban-drainage-portal] [nio-8081-exec-3] org.hibernate.SQL                        : select count(dc1_0.id) from drainage_complaints dc1_0 where dc1_0.status=?
2026-09-18T09:09:09.529+05:30 DEBUG 2780 --- [urban-drainage-portal] [nio-8081-exec-3] org.hibernate.SQL                        : select count(dc1_0.id) from drainage_complaints dc1_0 where dc1_0.status=?
2026-09-18T09:09:09.813+05:30 DEBUG 2780 --- [urban-drainage-portal] [nio-8081-exec-3] org.hibernate.SQL                        : select count(dc1_0.id) from drainage_complaints dc1_0 where dc1_0.status=?
2026-09-18T09:09:10.117+05:30 DEBUG 2780 --- [urban-drainage-portal] [nio-8081-exec-3] org.hibernate.SQL                        : select count(dc1_0.id) from drainage_complaints dc1_0 where dc1_0.status=?
2026-09-18T09:09:10.387+05:30 DEBUG 2780 --- [urban-drainage-portal] [nio-8081-exec-3] org.hibernate.SQL                        : select count(dc1_0.id) from drainage_complaints dc1_0 where dc1_0.status=?
2026-09-18T09:09:10.722+05:30 DEBUG 2780 --- [urban-drainage-portal] [nio-8081-exec-3] org.hibernate.SQL                        : select count(dc1_0.id) from drainage_complaints dc1_0 where dc1_0.priority=?
2026-09-18T09:09:11.039+05:30 DEBUG 2780 --- [urban-drainage-portal] [nio-8081-exec-3] org.hibernate.SQL                        : select count(dc1_0.id) from drainage_complaints dc1_0 where dc1_0.priority=?
2026-09-18T09:09:11.312+05:30 DEBUG 2780 --- [urban-drainage-portal] [nio-8081-exec-3] org.hibernate.SQL                        : select count(*) from drainage_infrastructure di1_0
2026-09-18T09:09:12.046+05:30 DEBUG 2780 --- [urban-drainage-portal] [nio-8081-exec-3] o.s.w.s.m.m.a.HttpEntityMethodProcessor  : Using 'application/json', given [*/*] and supported [application/json, application/*+json]
2026-09-18T09:09:12.046+05:30 DEBUG 2780 --- [urban-drainage-portal] [nio-8081-exec-3] o.s.w.s.m.m.a.HttpEntityMethodProcessor  : Writing [DashboardStatsDTO[totalComplaints=5, submitted=1, underReview=1, assigned=1, inProgress=1, resolved= (truncated)...]
2026-09-18T09:09:12.049+05:30 DEBUG 2780 --- [urban-drainage-portal] [nio-8081-exec-3] o.s.web.servlet.DispatcherServlet        : Completed 200 OK
2026-09-18T09:09:12.064+05:30 DEBUG 2780 --- [urban-drainage-portal] [nio-8081-exec-1] o.s.web.servlet.DispatcherServlet        : GET "/api/complaints/stats", parameters={}
2026-09-18T09:09:12.065+05:30 DEBUG 2780 --- [urban-drainage-portal] [nio-8081-exec-1] s.w.s.m.m.a.RequestMappingHandlerMapping : Mapped to com.urbandrainage.portal.controller.ComplaintController#getStats()
2026-09-18T09:09:12.561+05:30 DEBUG 2780 --- [urban-drainage-portal] [nio-8081-exec-1] org.hibernate.SQL                        : select count(*) from drainage_complaints dc1_0
2026-09-18T09:09:13.224+05:30 DEBUG 2780 --- [urban-drainage-portal] [nio-8081-exec-1] org.hibernate.SQL                        : select count(dc1_0.id) from drainage_complaints dc1_0 where dc1_0.status=?
2026-09-18T09:09:13.567+05:30 DEBUG 2780 --- [urban-drainage-portal] [nio-8081-exec-1] org.hibernate.SQL                        : select count(dc1_0.id) from drainage_complaints dc1_0 where dc1_0.status=?
2026-09-18T09:09:13.833+05:30 DEBUG 2780 --- [urban-drainage-portal] [nio-8081-exec-1] org.hibernate.SQL                        : select count(dc1_0.id) from drainage_complaints dc1_0 where dc1_0.status=?
2026-09-18T09:09:14.110+05:30 DEBUG 2780 --- [urban-drainage-portal] [nio-8081-exec-1] org.hibernate.SQL                        : select count(dc1_0.id) from drainage_complaints dc1_0 where dc1_0.status=?
2026-09-18T09:09:14.434+05:30 DEBUG 2780 --- [urban-drainage-portal] [nio-8081-exec-1] org.hibernate.SQL                        : select count(dc1_0.id) from drainage_complaints dc1_0 where dc1_0.status=?
2026-09-18T09:09:14.783+05:30 DEBUG 2780 --- [urban-drainage-portal] [nio-8081-exec-1] org.hibernate.SQL                        : select count(dc1_0.id) from drainage_complaints dc1_0 where dc1_0.status=?
2026-09-18T09:09:15.079+05:30 DEBUG 2780 --- [urban-drainage-portal] [nio-8081-exec-1] org.hibernate.SQL                        : select count(dc1_0.id) from drainage_complaints dc1_0 where dc1_0.priority=?
2026-09-18T09:09:15.398+05:30 DEBUG 2780 --- [urban-drainage-portal] [nio-8081-exec-1] org.hibernate.SQL                        : select count(dc1_0.id) from drainage_complaints dc1_0 where dc1_0.priority=?
2026-09-18T09:09:15.694+05:30 DEBUG 2780 --- [urban-drainage-portal] [nio-8081-exec-1] org.hibernate.SQL                        : select count(*) from drainage_infrastructure di1_0
2026-09-18T09:09:16.357+05:30 DEBUG 2780 --- [urban-drainage-portal] [nio-8081-exec-1] o.s.w.s.m.m.a.HttpEntityMethodProcessor  : Using 'application/json', given [*/*] and supported [application/json, application/*+json]
2026-09-18T09:09:16.358+05:30 DEBUG 2780 --- [urban-drainage-portal] [nio-8081-exec-1] o.s.w.s.m.m.a.HttpEntityMethodProcessor  : Writing [DashboardStatsDTO[totalComplaints=5, submitted=1, underReview=1, assigned=1, inProgress=1, resolved= (truncated)...]
2026-09-18T09:09:16.359+05:30 DEBUG 2780 --- [urban-drainage-portal] [nio-8081-exec-1] o.s.web.servlet.DispatcherServlet        : Completed 200 OK
2026-09-18T09:20:05.867+05:30 DEBUG 2780 --- [urban-drainage-portal] [nio-8081-exec-7] o.s.web.servlet.DispatcherServlet        : GET "/api/complaints", parameters={}
2026-09-18T09:20:05.867+05:30 DEBUG 2780 --- [urban-drainage-portal] [nio-8081-exec-4] o.s.web.servlet.DispatcherServlet        : GET "/api/complaints/stats", parameters={}
2026-09-18T09:20:05.867+05:30 DEBUG 2780 --- [urban-drainage-portal] [io-8081-exec-10] o.s.web.servlet.DispatcherServlet        : GET "/api/users/staff", parameters={}
2026-09-18T09:20:05.867+05:30 DEBUG 2780 --- [urban-drainage-portal] [nio-8081-exec-9] o.s.web.servlet.DispatcherServlet        : GET "/api/drainage/infrastructure", parameters={}
2026-09-18T09:20:05.867+05:30 DEBUG 2780 --- [urban-drainage-portal] [nio-8081-exec-8] o.s.web.servlet.DispatcherServlet        : GET "/api/notifications/user/1", parameters={}
2026-09-18T09:20:06.196+05:30 DEBUG 2780 --- [urban-drainage-portal] [nio-8081-exec-7] s.w.s.m.m.a.RequestMappingHandlerMapping : Mapped to com.urbandrainage.portal.controller.ComplaintController#getAllComplaints()
2026-09-18T09:20:06.198+05:30 DEBUG 2780 --- [urban-drainage-portal] [nio-8081-exec-4] s.w.s.m.m.a.RequestMappingHandlerMapping : Mapped to com.urbandrainage.portal.controller.ComplaintController#getStats()
2026-09-18T09:20:06.198+05:30 DEBUG 2780 --- [urban-drainage-portal] [io-8081-exec-10] s.w.s.m.m.a.RequestMappingHandlerMapping : Mapped to com.urbandrainage.portal.controller.UserController#getStaffMembers()
2026-09-18T09:20:06.197+05:30 DEBUG 2780 --- [urban-drainage-portal] [nio-8081-exec-9] s.w.s.m.m.a.RequestMappingHandlerMapping : Mapped to com.urbandrainage.portal.controller.InfrastructureController#getAllInfrastructure()
2026-09-18T09:20:06.265+05:30 DEBUG 2780 --- [urban-drainage-portal] [nio-8081-exec-8] s.w.s.m.m.a.RequestMappingHandlerMapping : Mapped to com.urbandrainage.portal.controller.NotificationController#getUserNotifications(Long)
2026-09-18T09:20:06.669+05:30 DEBUG 2780 --- [urban-drainage-portal] [io-8081-exec-10] org.hibernate.SQL                        : select u1_0.id,u1_0.created_at,u1_0.department,u1_0.email,u1_0.name,u1_0.phone,u1_0.role from users u1_0 where u1_0.role=?
2026-09-18T09:20:06.675+05:30 DEBUG 2780 --- [urban-drainage-portal] [nio-8081-exec-8] org.hibernate.SQL                        : select n1_0.id,n1_0.created_at,n1_0.is_read,n1_0.message,n1_0.title,n1_0.type,n1_0.user_id from notifications n1_0 where n1_0.user_id=? order by n1_0.created_at desc
2026-09-18T09:20:06.683+05:30 DEBUG 2780 --- [urban-drainage-portal] [nio-8081-exec-7] org.hibernate.SQL                        : select dc1_0.id,dc1_0.address,dc1_0.assigned_staff_id,dc1_0.assigned_staff_name,dc1_0.created_at,dc1_0.description,dc1_0.feedback,dc1_0.feedback_submitted_at,dc1_0.inspection_notes,dc1_0.issue_type,dc1_0.latitude,dc1_0.longitude,dc1_0.maintenance_notes,dc1_0.photo_url,dc1_0.priority,dc1_0.rating,dc1_0.status,dc1_0.updated_at,dc1_0.user_id,dc1_0.user_name from drainage_complaints dc1_0 order by dc1_0.created_at desc
2026-09-18T09:20:08.149+05:30  WARN 2780 --- [urban-drainage-portal] [nio-8081-exec-8] com.zaxxer.hikari.pool.PoolBase          : HikariPool-1 - Failed to validate connection org.postgresql.jdbc.PgConnection@7a09b940 (This connection has been closed.). Possibly consider using a shorter maxLifetime value.
2026-09-18T09:20:08.148+05:30  WARN 2780 --- [urban-drainage-portal] [nio-8081-exec-9] com.zaxxer.hikari.pool.PoolBase          : HikariPool-1 - Failed to validate connection org.postgresql.jdbc.PgConnection@33a47707 (This connection has been closed.). Possibly consider using a shorter maxLifetime value.
2026-09-18T09:20:08.148+05:30  WARN 2780 --- [urban-drainage-portal] [nio-8081-exec-4] com.zaxxer.hikari.pool.PoolBase          : HikariPool-1 - Failed to validate connection org.postgresql.jdbc.PgConnection@103fca23 (This connection has been closed.). Possibly consider using a shorter maxLifetime value.
2026-09-18T09:20:08.148+05:30  WARN 2780 --- [urban-drainage-portal] [nio-8081-exec-7] com.zaxxer.hikari.pool.PoolBase          : HikariPool-1 - Failed to validate connection org.postgresql.jdbc.PgConnection@7a39fdb (This connection has been closed.). Possibly consider using a shorter maxLifetime value.
2026-09-18T09:20:08.148+05:30  WARN 2780 --- [urban-drainage-portal] [io-8081-exec-10] com.zaxxer.hikari.pool.PoolBase          : HikariPool-1 - Failed to validate connection org.postgresql.jdbc.PgConnection@ee983a6 (This connection has been closed.). Possibly consider using a shorter maxLifetime value.
2026-09-18T09:20:08.272+05:30  WARN 2780 --- [urban-drainage-portal] [nio-8081-exec-4] com.zaxxer.hikari.pool.PoolBase          : HikariPool-1 - Failed to validate connection org.postgresql.jdbc.PgConnection@72608dd1 (This connection has been closed.). Possibly consider using a shorter maxLifetime value.
2026-09-18T09:20:08.280+05:30  WARN 2780 --- [urban-drainage-portal] [nio-8081-exec-4] com.zaxxer.hikari.pool.PoolBase          : HikariPool-1 - Failed to validate connection org.postgresql.jdbc.PgConnection@1d0b375b (This connection has been closed.). Possibly consider using a shorter maxLifetime value.
2026-09-18T09:20:08.289+05:30  WARN 2780 --- [urban-drainage-portal] [nio-8081-exec-4] com.zaxxer.hikari.pool.PoolBase          : HikariPool-1 - Failed to validate connection org.postgresql.jdbc.PgConnection@738b980b (This connection has been closed.). Possibly consider using a shorter maxLifetime value.
2026-09-18T09:20:08.290+05:30  WARN 2780 --- [urban-drainage-portal] [nio-8081-exec-7] com.zaxxer.hikari.pool.PoolBase          : HikariPool-1 - Failed to validate connection org.postgresql.jdbc.PgConnection@1719387f (This connection has been closed.). Possibly consider using a shorter maxLifetime value.
2026-09-18T09:20:08.297+05:30  WARN 2780 --- [urban-drainage-portal] [io-8081-exec-10] com.zaxxer.hikari.pool.PoolBase          : HikariPool-1 - Failed to validate connection org.postgresql.jdbc.PgConnection@10f0ba4f (This connection has been closed.). Possibly consider using a shorter maxLifetime value.
2026-09-18T09:20:13.424+05:30 DEBUG 2780 --- [urban-drainage-portal] [nio-8081-exec-8] o.s.w.s.m.m.a.HttpEntityMethodProcessor  : Using 'application/json', given [*/*] and supported [application/json, application/*+json]
2026-09-18T09:20:13.471+05:30 DEBUG 2780 --- [urban-drainage-portal] [nio-8081-exec-8] o.s.w.s.m.m.a.HttpEntityMethodProcessor  : Writing [[com.urbandrainage.portal.entity.Notification@60e6a8b3, com.urbandrainage.portal.entity.Notification (truncated)...]
2026-09-18T09:20:13.657+05:30 DEBUG 2780 --- [urban-drainage-portal] [nio-8081-exec-8] o.s.web.servlet.DispatcherServlet        : Completed 200 OK
2026-09-18T09:20:13.695+05:30 DEBUG 2780 --- [urban-drainage-portal] [nio-8081-exec-2] o.s.web.servlet.DispatcherServlet        : GET "/api/notifications/user/1", parameters={}
2026-09-18T09:20:13.701+05:30 DEBUG 2780 --- [urban-drainage-portal] [nio-8081-exec-2] s.w.s.m.m.a.RequestMappingHandlerMapping : Mapped to com.urbandrainage.portal.controller.NotificationController#getUserNotifications(Long)
2026-09-18T09:20:13.718+05:30 DEBUG 2780 --- [urban-drainage-portal] [nio-8081-exec-2] org.hibernate.SQL                        : select n1_0.id,n1_0.created_at,n1_0.is_read,n1_0.message,n1_0.title,n1_0.type,n1_0.user_id from notifications n1_0 where n1_0.user_id=? order by n1_0.created_at desc
2026-09-18T09:20:14.044+05:30 DEBUG 2780 --- [urban-drainage-portal] [io-8081-exec-10] o.s.w.s.m.m.a.HttpEntityMethodProcessor  : Using 'application/json', given [*/*] and supported [application/json, application/*+json]
2026-09-18T09:20:14.046+05:30 DEBUG 2780 --- [urban-drainage-portal] [io-8081-exec-10] o.s.w.s.m.m.a.HttpEntityMethodProcessor  : Writing [[com.urbandrainage.portal.entity.User@607e6a46, com.urbandrainage.portal.entity.User@75c996c4]]
2026-09-18T09:20:14.049+05:30 DEBUG 2780 --- [urban-drainage-portal] [io-8081-exec-10] o.s.web.servlet.DispatcherServlet        : Completed 200 OK
2026-09-18T09:20:14.112+05:30 DEBUG 2780 --- [urban-drainage-portal] [nio-8081-exec-5] o.s.web.servlet.DispatcherServlet        : GET "/api/users/staff", parameters={}
2026-09-18T09:20:14.115+05:30 DEBUG 2780 --- [urban-drainage-portal] [nio-8081-exec-5] s.w.s.m.m.a.RequestMappingHandlerMapping : Mapped to com.urbandrainage.portal.controller.UserController#getStaffMembers()
2026-09-18T09:20:14.119+05:30 DEBUG 2780 --- [urban-drainage-portal] [nio-8081-exec-5] org.hibernate.SQL                        : select u1_0.id,u1_0.created_at,u1_0.department,u1_0.email,u1_0.name,u1_0.phone,u1_0.role from users u1_0 where u1_0.role=?
2026-09-18T09:20:14.188+05:30 DEBUG 2780 --- [urban-drainage-portal] [nio-8081-exec-9] org.hibernate.SQL                        : select di1_0.id,di1_0.address,di1_0.created_at,di1_0.description,di1_0.latitude,di1_0.longitude,di1_0.name,di1_0.status,di1_0.type,di1_0.updated_at from drainage_infrastructure di1_0
2026-09-18T09:20:14.929+05:30 DEBUG 2780 --- [urban-drainage-portal] [nio-8081-exec-9] o.s.w.s.m.m.a.HttpEntityMethodProcessor  : Using 'application/json', given [*/*] and supported [application/json, application/*+json]
2026-09-18T09:20:14.930+05:30 DEBUG 2780 --- [urban-drainage-portal] [nio-8081-exec-9] o.s.w.s.m.m.a.HttpEntityMethodProcessor  : Writing [[com.urbandrainage.portal.entity.DrainageInfrastructure@5b970338, com.urbandrainage.portal.entity.Dr (truncated)...]
2026-09-18T09:20:14.937+05:30 DEBUG 2780 --- [urban-drainage-portal] [nio-8081-exec-9] o.s.web.servlet.DispatcherServlet        : Completed 200 OK
2026-09-18T09:20:14.946+05:30 DEBUG 2780 --- [urban-drainage-portal] [nio-8081-exec-4] org.hibernate.SQL                        : select count(*) from drainage_complaints dc1_0
2026-09-18T09:20:15.044+05:30 DEBUG 2780 --- [urban-drainage-portal] [nio-8081-exec-6] o.s.web.servlet.DispatcherServlet        : GET "/api/drainage/infrastructure", parameters={}
2026-09-18T09:20:15.049+05:30 DEBUG 2780 --- [urban-drainage-portal] [nio-8081-exec-6] s.w.s.m.m.a.RequestMappingHandlerMapping : Mapped to com.urbandrainage.portal.controller.InfrastructureController#getAllInfrastructure()
2026-09-18T09:20:15.528+05:30 DEBUG 2780 --- [urban-drainage-portal] [nio-8081-exec-4] org.hibernate.SQL                        : select count(dc1_0.id) from drainage_complaints dc1_0 where dc1_0.status=?
2026-09-18T09:20:15.918+05:30 DEBUG 2780 --- [urban-drainage-portal] [nio-8081-exec-4] org.hibernate.SQL                        : select count(dc1_0.id) from drainage_complaints dc1_0 where dc1_0.status=?
2026-09-18T09:20:15.926+05:30 DEBUG 2780 --- [urban-drainage-portal] [nio-8081-exec-7] o.s.w.s.m.m.a.HttpEntityMethodProcessor  : Using 'application/json', given [*/*] and supported [application/json, application/*+json]
2026-09-18T09:20:15.927+05:30 DEBUG 2780 --- [urban-drainage-portal] [nio-8081-exec-7] o.s.w.s.m.m.a.HttpEntityMethodProcessor  : Writing [[com.urbandrainage.portal.entity.DrainageComplaint@66f6511, com.urbandrainage.portal.entity.Drainage (truncated)...]
2026-09-18T09:20:15.933+05:30 DEBUG 2780 --- [urban-drainage-portal] [nio-8081-exec-7] o.s.web.servlet.DispatcherServlet        : Completed 200 OK
2026-09-18T09:20:15.959+05:30 DEBUG 2780 --- [urban-drainage-portal] [nio-8081-exec-3] o.s.web.servlet.DispatcherServlet        : GET "/api/complaints", parameters={}
2026-09-18T09:20:15.962+05:30 DEBUG 2780 --- [urban-drainage-portal] [nio-8081-exec-3] s.w.s.m.m.a.RequestMappingHandlerMapping : Mapped to com.urbandrainage.portal.controller.ComplaintController#getAllComplaints()
2026-09-18T09:20:15.965+05:30 DEBUG 2780 --- [urban-drainage-portal] [nio-8081-exec-3] org.hibernate.SQL                        : select dc1_0.id,dc1_0.address,dc1_0.assigned_staff_id,dc1_0.assigned_staff_name,dc1_0.created_at,dc1_0.description,dc1_0.feedback,dc1_0.feedback_submitted_at,dc1_0.inspection_notes,dc1_0.issue_type,dc1_0.latitude,dc1_0.longitude,dc1_0.maintenance_notes,dc1_0.photo_url,dc1_0.priority,dc1_0.rating,dc1_0.status,dc1_0.updated_at,dc1_0.user_id,dc1_0.user_name from drainage_complaints dc1_0 order by dc1_0.created_at desc
2026-09-18T09:20:16.171+05:30 DEBUG 2780 --- [urban-drainage-portal] [nio-8081-exec-4] org.hibernate.SQL                        : select count(dc1_0.id) from drainage_complaints dc1_0 where dc1_0.status=?
2026-09-18T09:20:16.201+05:30 DEBUG 2780 --- [urban-drainage-portal] [nio-8081-exec-2] o.s.w.s.m.m.a.HttpEntityMethodProcessor  : Using 'application/json', given [*/*] and supported [application/json, application/*+json]
2026-09-18T09:20:16.202+05:30 DEBUG 2780 --- [urban-drainage-portal] [nio-8081-exec-2] o.s.w.s.m.m.a.HttpEntityMethodProcessor  : Writing [[com.urbandrainage.portal.entity.Notification@7457b7f0, com.urbandrainage.portal.entity.Notification (truncated)...]
2026-09-18T09:20:16.206+05:30 DEBUG 2780 --- [urban-drainage-portal] [nio-8081-exec-2] o.s.web.servlet.DispatcherServlet        : Completed 200 OK
2026-09-18T09:20:16.436+05:30 DEBUG 2780 --- [urban-drainage-portal] [nio-8081-exec-4] org.hibernate.SQL                        : select count(dc1_0.id) from drainage_complaints dc1_0 where dc1_0.status=?
2026-09-18T09:20:16.495+05:30 DEBUG 2780 --- [urban-drainage-portal] [nio-8081-exec-5] o.s.w.s.m.m.a.HttpEntityMethodProcessor  : Using 'application/json', given [*/*] and supported [application/json, application/*+json]
2026-09-18T09:20:16.496+05:30 DEBUG 2780 --- [urban-drainage-portal] [nio-8081-exec-5] o.s.w.s.m.m.a.HttpEntityMethodProcessor  : Writing [[com.urbandrainage.portal.entity.User@4fb94d23, com.urbandrainage.portal.entity.User@47b0cc0d]]
2026-09-18T09:20:16.499+05:30 DEBUG 2780 --- [urban-drainage-portal] [nio-8081-exec-5] o.s.web.servlet.DispatcherServlet        : Completed 200 OK
2026-09-18T09:20:16.501+05:30 DEBUG 2780 --- [urban-drainage-portal] [nio-8081-exec-6] org.hibernate.SQL                        : select di1_0.id,di1_0.address,di1_0.created_at,di1_0.description,di1_0.latitude,di1_0.longitude,di1_0.name,di1_0.status,di1_0.type,di1_0.updated_at from drainage_infrastructure di1_0
2026-09-18T09:20:16.729+05:30 DEBUG 2780 --- [urban-drainage-portal] [nio-8081-exec-4] org.hibernate.SQL                        : select count(dc1_0.id) from drainage_complaints dc1_0 where dc1_0.status=?
2026-09-18T09:20:17.094+05:30 DEBUG 2780 --- [urban-drainage-portal] [nio-8081-exec-6] o.s.w.s.m.m.a.HttpEntityMethodProcessor  : Using 'application/json', given [*/*] and supported [application/json, application/*+json]
2026-09-18T09:20:17.096+05:30 DEBUG 2780 --- [urban-drainage-portal] [nio-8081-exec-6] o.s.w.s.m.m.a.HttpEntityMethodProcessor  : Writing [[com.urbandrainage.portal.entity.DrainageInfrastructure@67711ca0, com.urbandrainage.portal.entity.Dr (truncated)...]
2026-09-18T09:20:17.098+05:30 DEBUG 2780 --- [urban-drainage-portal] [nio-8081-exec-4] org.hibernate.SQL                        : select count(dc1_0.id) from drainage_complaints dc1_0 where dc1_0.status=?
2026-09-18T09:20:17.102+05:30 DEBUG 2780 --- [urban-drainage-portal] [nio-8081-exec-6] o.s.web.servlet.DispatcherServlet        : Completed 200 OK
2026-09-18T09:20:17.404+05:30 DEBUG 2780 --- [urban-drainage-portal] [nio-8081-exec-3] o.s.w.s.m.m.a.HttpEntityMethodProcessor  : Using 'application/json', given [*/*] and supported [application/json, application/*+json]
2026-09-18T09:20:17.404+05:30 DEBUG 2780 --- [urban-drainage-portal] [nio-8081-exec-3] o.s.w.s.m.m.a.HttpEntityMethodProcessor  : Writing [[com.urbandrainage.portal.entity.DrainageComplaint@7d2ed54e, com.urbandrainage.portal.entity.Drainag (truncated)...]
2026-09-18T09:20:17.411+05:30 DEBUG 2780 --- [urban-drainage-portal] [nio-8081-exec-3] o.s.web.servlet.DispatcherServlet        : Completed 200 OK
2026-09-18T09:20:17.415+05:30 DEBUG 2780 --- [urban-drainage-portal] [nio-8081-exec-4] org.hibernate.SQL                        : select count(dc1_0.id) from drainage_complaints dc1_0 where dc1_0.priority=?
2026-09-18T09:20:17.690+05:30 DEBUG 2780 --- [urban-drainage-portal] [nio-8081-exec-4] org.hibernate.SQL                        : select count(dc1_0.id) from drainage_complaints dc1_0 where dc1_0.priority=?
2026-09-18T09:20:18.330+05:30 DEBUG 2780 --- [urban-drainage-portal] [nio-8081-exec-4] org.hibernate.SQL                        : select count(*) from drainage_infrastructure di1_0
2026-09-18T09:20:18.924+05:30 DEBUG 2780 --- [urban-drainage-portal] [nio-8081-exec-4] o.s.w.s.m.m.a.HttpEntityMethodProcessor  : Using 'application/json', given [*/*] and supported [application/json, application/*+json]
2026-09-18T09:20:18.928+05:30 DEBUG 2780 --- [urban-drainage-portal] [nio-8081-exec-4] o.s.w.s.m.m.a.HttpEntityMethodProcessor  : Writing [DashboardStatsDTO[totalComplaints=5, submitted=1, underReview=1, assigned=1, inProgress=1, resolved= (truncated)...]
2026-09-18T09:20:18.931+05:30 DEBUG 2780 --- [urban-drainage-portal] [nio-8081-exec-4] o.s.web.servlet.DispatcherServlet        : Completed 200 OK
2026-09-18T09:20:18.960+05:30 DEBUG 2780 --- [urban-drainage-portal] [nio-8081-exec-1] o.s.web.servlet.DispatcherServlet        : GET "/api/complaints/stats", parameters={}
2026-09-18T09:20:18.961+05:30 DEBUG 2780 --- [urban-drainage-portal] [nio-8081-exec-1] s.w.s.m.m.a.RequestMappingHandlerMapping : Mapped to com.urbandrainage.portal.controller.ComplaintController#getStats()
2026-09-18T09:20:18.965+05:30 DEBUG 2780 --- [urban-drainage-portal] [nio-8081-exec-1] org.hibernate.SQL                        : select count(*) from drainage_complaints dc1_0
2026-09-18T09:20:19.520+05:30 DEBUG 2780 --- [urban-drainage-portal] [nio-8081-exec-1] org.hibernate.SQL                        : select count(dc1_0.id) from drainage_complaints dc1_0 where dc1_0.status=?
2026-09-18T09:20:19.785+05:30 DEBUG 2780 --- [urban-drainage-portal] [nio-8081-exec-1] org.hibernate.SQL                        : select count(dc1_0.id) from drainage_complaints dc1_0 where dc1_0.status=?
2026-09-18T09:20:20.068+05:30 DEBUG 2780 --- [urban-drainage-portal] [nio-8081-exec-1] org.hibernate.SQL                        : select count(dc1_0.id) from drainage_complaints dc1_0 where dc1_0.status=?
2026-09-18T09:20:20.313+05:30 DEBUG 2780 --- [urban-drainage-portal] [nio-8081-exec-1] org.hibernate.SQL                        : select count(dc1_0.id) from drainage_complaints dc1_0 where dc1_0.status=?
2026-09-18T09:20:20.577+05:30 DEBUG 2780 --- [urban-drainage-portal] [nio-8081-exec-1] org.hibernate.SQL                        : select count(dc1_0.id) from drainage_complaints dc1_0 where dc1_0.status=?
2026-09-18T09:20:20.868+05:30 DEBUG 2780 --- [urban-drainage-portal] [nio-8081-exec-1] org.hibernate.SQL                        : select count(dc1_0.id) from drainage_complaints dc1_0 where dc1_0.status=?
2026-09-18T09:20:21.400+05:30 DEBUG 2780 --- [urban-drainage-portal] [nio-8081-exec-1] org.hibernate.SQL                        : select count(dc1_0.id) from drainage_complaints dc1_0 where dc1_0.priority=?
2026-09-18T09:20:21.702+05:30 DEBUG 2780 --- [urban-drainage-portal] [nio-8081-exec-1] org.hibernate.SQL                        : select count(dc1_0.id) from drainage_complaints dc1_0 where dc1_0.priority=?
2026-09-18T09:20:22.029+05:30 DEBUG 2780 --- [urban-drainage-portal] [nio-8081-exec-1] org.hibernate.SQL                        : select count(*) from drainage_infrastructure di1_0
2026-09-18T09:20:22.586+05:30 DEBUG 2780 --- [urban-drainage-portal] [nio-8081-exec-1] o.s.w.s.m.m.a.HttpEntityMethodProcessor  : Using 'application/json', given [*/*] and supported [application/json, application/*+json]
2026-09-18T09:20:22.587+05:30 DEBUG 2780 --- [urban-drainage-portal] [nio-8081-exec-1] o.s.w.s.m.m.a.HttpEntityMethodProcessor  : Writing [DashboardStatsDTO[totalComplaints=5, submitted=1, underReview=1, assigned=1, inProgress=1, resolved= (truncated)...]
2026-09-18T09:20:22.591+05:30 DEBUG 2780 --- [urban-drainage-portal] [nio-8081-exec-1] o.s.web.servlet.DispatcherServlet        : Completed 200 OK
2026-09-18T10:05:42.475+05:30  WARN 2780 --- [urban-drainage-portal] [l-1 housekeeper] com.zaxxer.hikari.pool.HikariPool        : HikariPool-1 - Thread starvation or clock leap detected (housekeeper delta=36m30s515ms33µs200ns).
2026-09-18T13:15:59.504+05:30  WARN 2780 --- [urban-drainage-portal] [l-1 housekeeper] com.zaxxer.hikari.pool.HikariPool        : HikariPool-1 - Thread starvation or clock leap detected (housekeeper delta=53m44s619ms717µs401ns).
2026-09-18T17:16:42.766+05:30  WARN 2780 --- [urban-drainage-portal] [l-1 housekeeper] com.zaxxer.hikari.pool.HikariPool        : HikariPool-1 - Thread starvation or clock leap detected (housekeeper delta=4h45s837ms255µs500ns).
